hospital_id,state,district,city,hospital_name,latitude,longitude,total_beds,occupied_beds,available_beds,icu_beds,available_icu_beds,emergency_beds,available_emergency_beds,emergency_24x7,accepts_referral,ambulance,oxygen_support,ventilator,blood_bank,cardiology,neurology,nephrology,pulmonology,orthopedics,general_medicine,general_surgery,trauma_unit,burn_unit,ct_scan,mri,xray,ultrasound,ecg,dialysis,blood_test,cbc,troponin_test,dengue_ns1_test,malaria_test,blood_glucose_test,hba1c_test,kidney_function_test,pulmonary_function_test,blood_culture,lactate_test,stool_test
GH00001,Punjab,Mohali,Mohali,Integrated Mohali District Hospital,30.684526,76.790014,350,232,118,22,10,34,0,Yes,Yes,Yes,Yes,Yes,Yes,Yes,No,No,No,Yes,Yes,No,No,Yes,Yes,Yes,Yes,Yes,Yes,Yes,Yes,Yes,Yes,Yes,Yes,Yes,Yes,Yes,Yes,Yes,Yes,Yes
GH00002,Punjab,Jalandhar,Jalandhar,Civil Jalandhar Hospital,31.273284,75.506608,130,76,54,9,1,11,2,Yes,Yes,No,No,No,Yes,Yes,No,Yes,Yes,Yes,Yes,Yes,No,Yes,Yes,Yes,Yes,Yes,Yes,Yes,No,Yes,No,No,Yes,Yes,Yes,Yes,Yes,Yes,Yes,Yes
GH00003,Uttar Pradesh,Noida,Noida,Government Noida General Hospital,28.588098,77.368081,703,493,210,92,46,72,26,Yes,Yes,Yes,Yes,Yes,No,Yes,No,No,Yes,Yes,Yes,Yes,No,No,No,Yes,Yes,Yes,Yes,No,Yes,Yes,Yes,Yes,Yes,Yes,Yes,No,Yes,Yes,No,No
GH00004,Gujarat,Vadodara,Vadodara,State Vadodara Medical College Hospital,22.317004,73.224555,320,246,74,19,4,18,4,Yes,Yes,Yes,Yes,Yes,Yes,Yes,Yes,No,Yes,Yes,Yes,No,Yes,No,No,Yes,Yes,Yes,Yes,Yes,Yes,Yes,Yes,No,No,Yes,No,Yes,No,No,Yes,Yes
GH00005,Rajasthan,Udaipur,Udaipur,District Udaipur General Hospital,24.54187,73.700837,649,387,262,95,24,36,9,Yes,Yes,Yes,Yes,Yes,Yes,Yes,Yes,Yes,Yes,No,Yes,Yes,Yes,No,Yes,No,Yes,No,Yes,Yes,Yes,Yes,Yes,Yes,Yes,Yes,Yes,No,Yes,Yes,Yes,No
GH00006,Rajasthan,Udaipur,Udaipur,Regional Udaipur Medical College Hospital,24.544129,73.740042,821,445,376,44,15,85,38,Yes,Yes,Yes,Yes,Yes,Yes,Yes,No,No,Yes,No,Yes,Yes,Yes,Yes,Yes,No,Yes,Yes,Yes,Yes,Yes,Yes,Yes,Yes,No,Yes,Yes,Yes,No,No,Yes,No
GH00007,Uttar Pradesh,Kanpur,Kanpur,Civil Kanpur District Hospital,26.500656,80.340732,564,468,96,37,8,36,10,Yes,Yes,Yes,Yes,Yes,No,No,No,Yes,Yes,Yes,Yes,No,No,No,Yes,Yes,Yes,Yes,Yes,No,Yes,Yes,Yes,Yes,Yes,Yes,Yes,Yes,Yes,No,Yes,Yes
GH00008,Punjab,Jalandhar,Jalandhar,Integrated Jalandhar Medical College Hospital,31.365439,75.600141,646,448,198,42,9,44,2,Yes,Yes,Yes,Yes,Yes,Yes,Yes,Yes,Yes,No,Yes,Yes,No,No,No,Yes,No,Yes,Yes,Yes,No,Yes,Yes,Yes,Yes,No,No,No,Yes,Yes,No,Yes,No
GH00009,Karnataka,Mysuru,Mysuru,Integrated Mysuru District Hospital,12.369979,76.695882,963,874,89,122,47,103,1,Yes,Yes,Yes,Yes,No,Yes,Yes,No,No,No,Yes,Yes,Yes,No,No,Yes,Yes,Yes,Yes,Yes,No,Yes,Yes,Yes,No,No,Yes,No,Yes,Yes,No,No,No
GH00010,West Bengal,Siliguri,Siliguri,State Siliguri Hospital,26.774427,88.457701,316,303,13,43,12,20,3,Yes,Yes,Yes,Yes,Yes,Yes,Yes,Yes,No,Yes,Yes,Yes,Yes,Yes,No,Yes,Yes,Yes,Yes,Yes,Yes,Yes,Yes,Yes,Yes,Yes,Yes,Yes,No,Yes,Yes,No,Yes
GH00011,Gujarat,Rajkot,Rajkot,Government Rajkot District Hospital,22.294135,70.734753,242,152,90,30,7,24,6,Yes,Yes,Yes,No,No,Yes,Yes,Yes,Yes,Yes,Yes,Yes,Yes,No,Yes,No,No,Yes,Yes,Yes,Yes,Yes,Yes,No,Yes,Yes,Yes,Yes,No,No,Yes,Yes,Yes
GH00012,Rajasthan,Kota,Kota,State Kota Medical College Hospital,25.209555,75.812512,241,185,56,23,0,12,6,Yes,Yes,Yes,Yes,Yes,Yes,Yes,Yes,No,Yes,No,Yes,Yes,Yes,Yes,Yes,Yes,Yes,Yes,No,No,Yes,Yes,Yes,Yes,No,Yes,No,No,Yes,Yes,Yes,Yes
GH00013,Delhi,North Delhi,North Delhi,Integrated North Delhi General Hospital,28.639211,77.131781,710,387,323,62,2,61,31,Yes,Yes,Yes,Yes,No,Yes,No,Yes,Yes,No,Yes,Yes,No,No,No,Yes,Yes,Yes,Yes,Yes,No,Yes,Yes,No,Yes,No,Yes,Yes,Yes,No,Yes,No,Yes
GH00014,Punjab,Bathinda,Bathinda,Regional Bathinda District Hospital,30.263233,74.916708,887,771,116,74,19,71,7,Yes,Yes,No,Yes,Yes,No,Yes,Yes,No,No,Yes,Yes,Yes,Yes,Yes,Yes,No,Yes,Yes,Yes,No,Yes,Yes,Yes,Yes,Yes,Yes,Yes,Yes,Yes,No,No,Yes
GH00015,Bihar,Bhagalpur,Bhagalpur,Regional Bhagalpur Medical College Hospital,25.175957,87.016355,619,363,256,84,23,67,2,Yes,Yes,Yes,Yes,Yes,Yes,Yes,No,Yes,Yes,No,Yes,No,No,No,Yes,Yes,Yes,Yes,Yes,Yes,Yes,Yes,Yes,Yes,Yes,Yes,Yes,Yes,No,No,Yes,No
GH00016,Rajasthan,Jodhpur,Jodhpur,Government Jodhpur District Hospital,26.218879,72.990014,880,522,358,91,13,100,12,Yes,Yes,No,Yes,No,Yes,No,Yes,No,Yes,No,Yes,Yes,No,No,Yes,No,Yes,Yes,Yes,No,Yes,No,Yes,Yes,No,Yes,Yes,Yes,Yes,Yes,Yes,Yes
GH00017,West Bengal,Siliguri,Siliguri,District Siliguri Hospital,26.740485,88.327738,471,459,12,69,16,31,9,Yes,Yes,No,No,Yes,Yes,Yes,No,No,Yes,No,Yes,Yes,No,No,Yes,Yes,Yes,No,Yes,Yes,Yes,Yes,No,No,Yes,Yes,Yes,No,No,No,Yes,Yes
GH00018,Rajasthan,Jaipur,Jaipur,District Jaipur General Hospital,26.876145,75.71632,935,502,433,138,1,96,40,Yes,Yes,No,Yes,No,No,Yes,No,No,No,Yes,Yes,Yes,Yes,No,Yes,Yes,Yes,Yes,Yes,Yes,Yes,Yes,Yes,No,Yes,Yes,Yes,Yes,No,Yes,Yes,Yes
GH00019,Tamil Nadu,Tiruchirappalli,Tiruchirappalli,Government Tiruchirappalli District Hospital,10.831322,78.72395,640,630,10,59,24,73,25,Yes,Yes,Yes,Yes,Yes,Yes,Yes,No,Yes,Yes,No,Yes,Yes,Yes,No,Yes,No,Yes,Yes,No,Yes,Yes,Yes,Yes,Yes,No,Yes,Yes,Yes,Yes,Yes,Yes,Yes
GH00020,Maharashtra,Nashik,Nashik,Integrated Nashik District Hospital,19.941804,73.732012,548,538,10,52,19,36,8,Yes,Yes,Yes,Yes,Yes,No,Yes,No,Yes,Yes,Yes,Yes,Yes,Yes,Yes,Yes,Yes,Yes,Yes,Yes,Yes,Yes,Yes,Yes,No,Yes,Yes,No,No,Yes,Yes,No,No
GH00021,Bihar,Muzaffarpur,Muzaffarpur,Regional Muzaffarpur Medical College Hospital,26.069223,85.344496,107,57,50,12,6,10,5,Yes,Yes,Yes,Yes,Yes,Yes,Yes,No,Yes,Yes,Yes,Yes,No,Yes,No,Yes,Yes,Yes,Yes,Yes,Yes,Yes,Yes,Yes,Yes,Yes,Yes,No,Yes,No,No,Yes,Yes
GH00022,West Bengal,Kolkata,Kolkata,Regional Kolkata Medical College Hospital,22.578537,88.377795,385,363,22,37,2,22,2,Yes,Yes,Yes,Yes,Yes,Yes,Yes,No,No,Yes,No,Yes,Yes,Yes,Yes,Yes,Yes,Yes,Yes,Yes,Yes,Yes,Yes,Yes,Yes,Yes,No,Yes,Yes,No,No,No,Yes
GH00023,Rajasthan,Kota,Kota,Government Kota General Hospital,25.161142,75.891783,926,671,255,63,26,89,23,Yes,Yes,No,Yes,Yes,Yes,No,Yes,Yes,Yes,Yes,Yes,Yes,Yes,No,Yes,No,Yes,Yes,Yes,No,Yes,Yes,Yes,Yes,No,Yes,No,Yes,No,No,Yes,Yes
GH00024,Gujarat,Rajkot,Rajkot,Civil Rajkot Hospital,22.289795,70.778019,789,728,61,117,53,42,11,Yes,Yes,No,Yes,No,Yes,No,No,Yes,Yes,Yes,Yes,Yes,No,Yes,No,Yes,Yes,Yes,Yes,No,Yes,Yes,Yes,No,Yes,Yes,Yes,Yes,Yes,Yes,No,Yes
GH00025,Punjab,Ludhiana,Ludhiana,Government Ludhiana Medical College Hospital,30.858154,75.921232,649,553,96,41,16,45,16,Yes,Yes,Yes,Yes,No,Yes,Yes,No,No,Yes,Yes,Yes,Yes,No,No,No,No,Yes,Yes,Yes,Yes,Yes,Yes,Yes,No,No,Yes,No,Yes,No,Yes,Yes,No
GH00026,Punjab,Amritsar,Amritsar,Regional Amritsar Hospital,31.577987,74.82898,151,144,7,20,9,17,6,Yes,Yes,Yes,Yes,Yes,Yes,Yes,Yes,Yes,Yes,No,Yes,Yes,Yes,No,No,Yes,Yes,Yes,Yes,No,Yes,Yes,No,Yes,Yes,Yes,Yes,Yes,No,Yes,Yes,No
GH00027,Delhi,East Delhi,East Delhi,Civil East Delhi General Hospital,28.697499,77.345391,318,261,57,44,17,24,6,Yes,Yes,Yes,Yes,No,No,Yes,No,No,Yes,Yes,Yes,Yes,Yes,Yes,No,Yes,Yes,Yes,Yes,No,Yes,Yes,Yes,No,Yes,Yes,Yes,Yes,Yes,Yes,Yes,No
GH00028,Maharashtra,Nashik,Nashik,State Nashik General Hospital,19.975483,73.802694,813,780,33,121,26,78,8,Yes,Yes,Yes,Yes,Yes,Yes,No,Yes,Yes,Yes,No,Yes,Yes,No,Yes,Yes,Yes,Yes,Yes,Yes,Yes,Yes,Yes,Yes,Yes,No,Yes,Yes,Yes,Yes,Yes,Yes,Yes
GH00029,Delhi,North Delhi,North Delhi,State North Delhi Medical College Hospital,28.761986,77.173878,159,153,6,19,10,16,8,Yes,Yes,Yes,Yes,Yes,Yes,Yes,Yes,No,No,Yes,Yes,Yes,Yes,No,Yes,Yes,Yes,Yes,Yes,No,Yes,Yes,Yes,No,No,Yes,Yes,Yes,Yes,Yes,No,Yes
GH00030,Bihar,Begusarai,Begusarai,Regional Begusarai Medical College Hospital,25.351881,86.080462,158,144,14,9,4,10,5,Yes,Yes,Yes,Yes,Yes,Yes,No,No,Yes,Yes,Yes,Yes,Yes,Yes,No,Yes,No,Yes,Yes,Yes,No,Yes,Yes,No,Yes,No,Yes,Yes,Yes,Yes,Yes,No,Yes
GH00031,Uttar Pradesh,Noida,Noida,District Noida Medical College Hospital,28.477797,77.444589,692,650,42,37,17,54,9,Yes,Yes,No,Yes,Yes,Yes,Yes,No,Yes,Yes,Yes,Yes,Yes,No,No,Yes,Yes,Yes,Yes,No,No,Yes,Yes,Yes,Yes,No,Yes,Yes,Yes,Yes,Yes,No,Yes
GH00032,Rajasthan,Ajmer,Ajmer,State Ajmer District Hospital,26.466404,74.599156,309,234,75,22,5,18,5,Yes,Yes,Yes,Yes,Yes,Yes,Yes,No,Yes,No,No,Yes,Yes,Yes,Yes,Yes,No,Yes,Yes,Yes,No,Yes,Yes,Yes,Yes,No,Yes,Yes,Yes,Yes,No,No,No
GH00033,Tamil Nadu,Madurai,Madurai,District Madurai Hospital,9.888743,78.134237,569,335,234,32,10,48,20,Yes,Yes,Yes,Yes,No,Yes,No,Yes,Yes,Yes,No,Yes,Yes,No,No,Yes,No,Yes,Yes,Yes,Yes,No,No,Yes,No,No,Yes,Yes,No,Yes,No,Yes,No
GH00034,West Bengal,Kolkata,Kolkata,Government Kolkata District Hospital,22.647969,88.434983,391,235,156,36,1,38,0,Yes,Yes,Yes,Yes,No,Yes,No,Yes,No,Yes,Yes,Yes,Yes,No,Yes,Yes,Yes,Yes,Yes,Yes,No,Yes,Yes,No,Yes,Yes,Yes,No,Yes,No,Yes,No,No
GH00035,Karnataka,Bengaluru,Bengaluru,Integrated Bengaluru District Hospital,13.051269,77.570714,779,442,337,112,48,53,24,Yes,Yes,Yes,Yes,Yes,Yes,No,No,No,Yes,Yes,Yes,Yes,Yes,Yes,Yes,Yes,Yes,Yes,Yes,Yes,Yes,No,Yes,Yes,Yes,Yes,No,Yes,Yes,Yes,No,No
GH00036,Karnataka,Mysuru,Mysuru,State Mysuru District Hospital,12.290584,76.657546,719,466,253,87,31,70,19,Yes,Yes,Yes,No,Yes,No,Yes,No,No,Yes,Yes,Yes,Yes,Yes,No,Yes,Yes,Yes,No,Yes,No,No,Yes,Yes,No,Yes,Yes,No,Yes,Yes,Yes,Yes,Yes
GH00037,Karnataka,Hubballi,Hubballi,State Hubballi Hospital,15.299338,75.184394,194,178,16,17,5,10,3,Yes,Yes,Yes,Yes,No,No,No,No,No,Yes,Yes,Yes,Yes,Yes,Yes,Yes,Yes,Yes,Yes,Yes,No,Yes,Yes,Yes,Yes,Yes,Yes,Yes,Yes,No,Yes,No,No
GH00038,Delhi,South Delhi,South Delhi,Government South Delhi General Hospital,28.560852,77.447093,664,550,114,70,28,36,14,Yes,Yes,No,Yes,No,Yes,No,No,No,Yes,No,Yes,No,Yes,No,Yes,Yes,Yes,Yes,Yes,No,Yes,Yes,Yes,Yes,Yes,No,Yes,Yes,No,Yes,No,Yes
GH00039,Karnataka,Bengaluru,Bengaluru,State Bengaluru Medical College Hospital,13.013364,77.601203,540,335,205,29,4,60,5,Yes,Yes,No,Yes,Yes,No,Yes,No,No,Yes,Yes,Yes,Yes,Yes,No,Yes,No,Yes,Yes,Yes,No,No,Yes,Yes,No,Yes,Yes,Yes,Yes,No,No,Yes,Yes
GH00040,Bihar,Darbhanga,Darbhanga,Government Darbhanga Medical College Hospital,26.23374,85.879989,782,443,339,66,7,92,37,Yes,Yes,Yes,Yes,Yes,Yes,Yes,Yes,No,No,Yes,Yes,No,Yes,No,No,Yes,Yes,Yes,Yes,Yes,No,Yes,No,Yes,Yes,Yes,Yes,Yes,No,Yes,No,Yes
GH00041,Uttar Pradesh,Varanasi,Varanasi,Government Varanasi General Hospital,25.37658,83.018155,125,84,41,15,3,13,1,Yes,Yes,Yes,Yes,Yes,Yes,Yes,Yes,No,No,No,Yes,Yes,Yes,Yes,Yes,Yes,Yes,Yes,Yes,Yes,Yes,Yes,No,Yes,Yes,Yes,Yes,Yes,Yes,Yes,Yes,No
GH00042,Uttar Pradesh,Prayagraj,Prayagraj,Government Prayagraj Hospital,25.49342,81.891076,491,468,23,26,6,32,2,Yes,Yes,Yes,Yes,Yes,Yes,No,Yes,Yes,No,Yes,Yes,Yes,Yes,Yes,Yes,Yes,Yes,Yes,Yes,Yes,Yes,Yes,Yes,No,No,Yes,Yes,Yes,No,No,Yes,No
GH00043,West Bengal,Durgapur,Durgapur,Government Durgapur Medical College Hospital,23.448715,87.318507,124,104,20,8,2,10,5,Yes,Yes,Yes,Yes,Yes,No,Yes,No,Yes,No,Yes,Yes,Yes,Yes,No,Yes,No,Yes,Yes,Yes,Yes,Yes,Yes,Yes,No,Yes,Yes,Yes,Yes,Yes,Yes,No,Yes
GH00044,Maharashtra,Nagpur,Nagpur,Integrated Nagpur General Hospital,21.225213,79.164167,795,671,124,66,32,46,15,Yes,Yes,Yes,Yes,Yes,Yes,Yes,Yes,Yes,No,Yes,Yes,Yes,Yes,Yes,Yes,No,Yes,Yes,Yes,No,Yes,Yes,Yes,No,No,Yes,Yes,Yes,No,Yes,No,Yes
GH00045,Delhi,West Delhi,West Delhi,State West Delhi Hospital,28.688998,77.058151,211,181,30,19,5,16,0,Yes,Yes,Yes,Yes,Yes,Yes,No,Yes,No,Yes,Yes,Yes,No,Yes,No,Yes,No,Yes,Yes,Yes,No,Yes,Yes,Yes,No,Yes,No,Yes,Yes,Yes,Yes,Yes,Yes
GH00046,Punjab,Amritsar,Amritsar,Regional Amritsar Medical College Hospital,31.686621,74.861242,360,191,169,43,22,31,10,Yes,Yes,Yes,Yes,Yes,Yes,Yes,Yes,No,No,Yes,Yes,Yes,No,No,No,Yes,Yes,Yes,Yes,Yes,Yes,No,Yes,Yes,Yes,Yes,Yes,Yes,Yes,Yes,No,No
GH00047,West Bengal,Siliguri,Siliguri,District Siliguri District Hospital,26.64789,88.46759,738,529,209,85,36,74,18,Yes,Yes,Yes,Yes,Yes,Yes,Yes,No,Yes,Yes,Yes,Yes,Yes,Yes,No,No,Yes,Yes,Yes,Yes,No,Yes,Yes,No,No,Yes,Yes,Yes,No,No,Yes,No,No
GH00048,Karnataka,Mangaluru,Mangaluru,Integrated Mangaluru General Hospital,12.942342,74.810508,434,320,114,51,9,25,7,Yes,Yes,Yes,Yes,Yes,Yes,No,No,Yes,No,Yes,Yes,No,No,No,Yes,No,Yes,Yes,Yes,No,Yes,Yes,No,Yes,No,Yes,Yes,Yes,Yes,Yes,Yes,No
GH00049,Gujarat,Surat,Surat,Regional Surat District Hospital,21.152369,72.822891,515,257,258,41,15,41,3,Yes,Yes,Yes,Yes,Yes,Yes,Yes,No,No,Yes,Yes,Yes,No,Yes,No,Yes,Yes,Yes,Yes,Yes,No,Yes,Yes,No,No,No,No,Yes,Yes,Yes,Yes,No,Yes
GH00050,Rajasthan,Bikaner,Bikaner,State Bikaner General Hospital,28.091226,73.241543,552,502,50,64,0,45,0,Yes,Yes,No,Yes,Yes,Yes,Yes,Yes,Yes,No,Yes,Yes,Yes,No,No,Yes,Yes,Yes,Yes,Yes,No,Yes,Yes,No,Yes,Yes,Yes,No,Yes,No,Yes,Yes,Yes
GH00051,Delhi,New Delhi,New Delhi,State New Delhi District Hospital,28.686125,77.225258,195,193,2,14,3,12,5,Yes,Yes,Yes,Yes,Yes,Yes,Yes,Yes,No,No,Yes,Yes,Yes,No,Yes,No,Yes,Yes,Yes,Yes,No,Yes,Yes,Yes,No,No,Yes,Yes,Yes,No,Yes,Yes,Yes
GH00052,Delhi,New Delhi,New Delhi,District New Delhi Medical College Hospital,28.596445,77.224116,586,330,256,55,0,55,22,Yes,Yes,Yes,No,Yes,Yes,Yes,Yes,No,No,No,Yes,Yes,Yes,No,Yes,Yes,Yes,Yes,Yes,No,Yes,Yes,Yes,Yes,Yes,Yes,Yes,No,Yes,Yes,No,No
GH00053,Gujarat,Rajkot,Rajkot,Civil Rajkot Medical College Hospital,22.309173,70.774093,251,208,43,29,12,26,10,Yes,Yes,Yes,Yes,No,Yes,Yes,No,Yes,Yes,Yes,Yes,No,Yes,No,Yes,Yes,Yes,Yes,Yes,No,Yes,Yes,No,No,Yes,Yes,Yes,No,No,Yes,No,Yes
GH00054,Delhi,West Delhi,West Delhi,Civil West Delhi Hospital,28.671474,77.05136,670,462,208,94,40,54,2,Yes,Yes,Yes,Yes,No,No,No,Yes,Yes,Yes,Yes,Yes,Yes,No,No,Yes,Yes,Yes,Yes,Yes,No,Yes,Yes,No,No,Yes,Yes,Yes,No,Yes,No,No,No
GH00055,Tamil Nadu,Tiruchirappalli,Tiruchirappalli,Regional Tiruchirappalli District Hospital,10.836905,78.673449,873,662,211,97,3,98,22,Yes,Yes,Yes,Yes,Yes,Yes,Yes,No,No,No,Yes,Yes,No,No,No,Yes,No,Yes,Yes,Yes,Yes,Yes,Yes,Yes,Yes,Yes,No,Yes,No,Yes,Yes,Yes,Yes
GH00056,Karnataka,Hubballi,Hubballi,Government Hubballi General Hospital,15.301606,75.146532,560,412,148,70,18,58,13,Yes,Yes,Yes,Yes,Yes,Yes,Yes,No,Yes,Yes,No,Yes,Yes,No,No,Yes,Yes,Yes,Yes,Yes,Yes,Yes,Yes,Yes,No,No,Yes,Yes,Yes,Yes,Yes,Yes,No
GH00057,Tamil Nadu,Coimbatore,Coimbatore,State Coimbatore General Hospital,11.008766,76.90694,179,125,54,13,2,12,2,Yes,Yes,Yes,Yes,No,Yes,No,Yes,Yes,Yes,Yes,Yes,Yes,No,Yes,Yes,Yes,Yes,Yes,Yes,No,Yes,No,Yes,Yes,Yes,Yes,No,Yes,Yes,Yes,Yes,No
GH00058,Punjab,Ludhiana,Ludhiana,Government Ludhiana Medical College Hospital,30.897163,75.837442,492,423,69,32,10,26,7,Yes,Yes,Yes,Yes,Yes,No,No,No,Yes,No,Yes,Yes,Yes,No,Yes,No,Yes,Yes,Yes,Yes,No,Yes,Yes,Yes,Yes,Yes,Yes,Yes,Yes,Yes,Yes,No,Yes
GH00059,West Bengal,Asansol,Asansol,Civil Asansol General Hospital,23.605301,86.874337,163,107,56,21,5,18,0,Yes,Yes,No,Yes,Yes,Yes,Yes,No,No,Yes,Yes,Yes,Yes,No,No,Yes,Yes,Yes,Yes,No,Yes,Yes,Yes,Yes,Yes,Yes,Yes,Yes,Yes,Yes,Yes,No,No
GH00060,Bihar,Munger,Munger,Civil Munger Hospital,25.341652,86.550295,460,306,154,57,2,51,0,Yes,Yes,Yes,Yes,Yes,No,No,Yes,Yes,No,Yes,Yes,Yes,Yes,No,Yes,No,Yes,Yes,Yes,Yes,Yes,Yes,Yes,No,No,Yes,No,Yes,No,Yes,No,No
GH00061,Gujarat,Gandhinagar,Gandhinagar,Integrated Gandhinagar Medical College Hospital,23.259832,72.661886,599,411,188,46,8,31,6,Yes,Yes,Yes,Yes,No,No,Yes,Yes,Yes,No,No,Yes,Yes,Yes,No,Yes,Yes,Yes,Yes,Yes,Yes,Yes,Yes,No,Yes,No,Yes,Yes,Yes,Yes,No,No,Yes
GH00062,Gujarat,Surat,Surat,Civil Surat Medical College Hospital,21.154439,72.879111,737,641,96,38,7,67,33,Yes,Yes,Yes,Yes,Yes,Yes,Yes,Yes,No,Yes,Yes,Yes,Yes,Yes,No,Yes,No,Yes,Yes,Yes,Yes,Yes,Yes,No,Yes,Yes,Yes,No,Yes,Yes,Yes,No,Yes
GH00063,Punjab,Bathinda,Bathinda,Civil Bathinda Medical College Hospital,30.230134,74.922379,987,729,258,67,18,75,25,Yes,Yes,Yes,Yes,Yes,Yes,Yes,Yes,No,Yes,Yes,Yes,Yes,No,No,Yes,No,Yes,Yes,Yes,Yes,Yes,Yes,No,No,Yes,Yes,Yes,Yes,Yes,Yes,Yes,Yes
GH00064,Tamil Nadu,Madurai,Madurai,State Madurai General Hospital,9.962906,78.199536,384,384,0,55,15,25,12,Yes,Yes,No,Yes,Yes,Yes,No,Yes,Yes,No,Yes,Yes,Yes,No,Yes,Yes,Yes,Yes,Yes,Yes,No,Yes,Yes,Yes,No,Yes,Yes,No,No,Yes,No,Yes,Yes
GH00065,Tamil Nadu,Chennai,Chennai,Integrated Chennai Hospital,13.024057,80.203596,458,286,172,52,2,53,26,Yes,Yes,Yes,Yes,Yes,Yes,No,Yes,No,Yes,No,Yes,Yes,No,Yes,Yes,Yes,Yes,Yes,Yes,No,Yes,Yes,No,Yes,No,Yes,Yes,Yes,Yes,No,Yes,Yes
GH00066,Bihar,Muzaffarpur,Muzaffarpur,Government Muzaffarpur Hospital,26.105475,85.366575,736,446,290,54,12,71,0,Yes,Yes,No,Yes,Yes,No,Yes,No,Yes,Yes,Yes,Yes,Yes,No,Yes,Yes,Yes,Yes,Yes,Yes,No,Yes,Yes,Yes,Yes,Yes,Yes,No,Yes,Yes,Yes,No,No
GH00067,Uttar Pradesh,Gorakhpur,Gorakhpur,Integrated Gorakhpur District Hospital,26.691427,83.406454,885,630,255,59,11,103,7,Yes,Yes,Yes,Yes,Yes,Yes,Yes,No,No,No,Yes,Yes,Yes,No,No,Yes,Yes,Yes,Yes,Yes,Yes,Yes,Yes,Yes,Yes,Yes,Yes,Yes,Yes,No,No,No,Yes
GH00068,Punjab,Hoshiarpur,Hoshiarpur,Government Hoshiarpur District Hospital,31.506498,75.989098,210,179,31,11,4,18,3,Yes,Yes,Yes,Yes,Yes,Yes,No,Yes,Yes,Yes,Yes,Yes,Yes,Yes,No,No,Yes,Yes,Yes,Yes,No,Yes,Yes,No,Yes,No,Yes,Yes,Yes,No,Yes,No,No
GH00069,Gujarat,Surat,Surat,District Surat Medical College Hospital,21.134505,72.908463,204,191,13,25,0,19,9,Yes,Yes,Yes,Yes,Yes,No,No,Yes,Yes,No,Yes,Yes,No,No,No,No,Yes,Yes,No,Yes,No,Yes,Yes,Yes,Yes,Yes,Yes,Yes,Yes,No,Yes,No,Yes
GH00070,Rajasthan,Jaipur,Jaipur,State Jaipur General Hospital,26.969708,75.83835,777,577,200,44,2,57,2,Yes,Yes,Yes,Yes,Yes,Yes,No,Yes,Yes,Yes,No,Yes,Yes,Yes,No,No,Yes,Yes,Yes,Yes,Yes,Yes,Yes,Yes,Yes,Yes,Yes,Yes,No,No,Yes,No,Yes
GH00071,Gujarat,Rajkot,Rajkot,District Rajkot General Hospital,22.333712,70.733343,470,397,73,65,4,46,10,Yes,Yes,Yes,Yes,Yes,No,Yes,No,No,Yes,Yes,Yes,Yes,Yes,Yes,Yes,No,Yes,Yes,Yes,No,Yes,Yes,No,No,Yes,Yes,Yes,Yes,No,Yes,Yes,No
GH00072,Delhi,West Delhi,West Delhi,Integrated West Delhi District Hospital,28.589415,77.104708,730,640,90,93,18,58,6,Yes,Yes,Yes,Yes,No,Yes,No,Yes,No,No,No,Yes,Yes,No,No,Yes,No,Yes,Yes,Yes,Yes,Yes,Yes,Yes,Yes,Yes,Yes,Yes,Yes,Yes,Yes,No,Yes
GH00073,Rajasthan,Udaipur,Udaipur,State Udaipur Medical College Hospital,24.649863,73.768862,950,519,431,73,9,63,3,Yes,Yes,Yes,Yes,No,Yes,Yes,Yes,No,Yes,Yes,Yes,No,No,No,Yes,No,Yes,Yes,Yes,Yes,Yes,Yes,No,No,Yes,Yes,Yes,Yes,Yes,No,No,No
GH00074,Rajasthan,Ajmer,Ajmer,Integrated Ajmer General Hospital,26.440841,74.657034,444,229,215,44,12,27,11,Yes,Yes,Yes,Yes,Yes,Yes,Yes,Yes,Yes,Yes,Yes,Yes,No,No,No,Yes,No,Yes,Yes,Yes,Yes,Yes,Yes,Yes,Yes,No,Yes,Yes,Yes,No,Yes,Yes,Yes
GH00075,West Bengal,Durgapur,Durgapur,State Durgapur District Hospital,23.441281,87.233126,710,496,214,74,4,82,36,Yes,Yes,Yes,Yes,Yes,Yes,No,No,No,Yes,No,Yes,Yes,Yes,No,Yes,Yes,Yes,Yes,Yes,Yes,Yes,No,Yes,Yes,Yes,Yes,Yes,No,No,Yes,Yes,No
GH00076,Uttar Pradesh,Noida,Noida,Civil Noida Medical College Hospital,28.60831,77.442392,807,646,161,92,15,65,32,Yes,Yes,Yes,Yes,Yes,Yes,Yes,No,No,Yes,Yes,Yes,Yes,Yes,Yes,Yes,No,Yes,Yes,Yes,Yes,Yes,Yes,Yes,Yes,Yes,Yes,Yes,No,No,No,No,Yes
GH00077,Punjab,Patiala,Patiala,Government Patiala General Hospital,30.404193,76.317531,808,528,280,65,10,67,1,Yes,Yes,Yes,Yes,Yes,Yes,Yes,Yes,No,Yes,Yes,Yes,Yes,Yes,No,Yes,No,Yes,Yes,Yes,No,Yes,Yes,No,Yes,No,Yes,No,No,Yes,Yes,Yes,Yes
GH00078,West Bengal,Siliguri,Siliguri,Integrated Siliguri District Hospital,26.743272,88.428194,460,409,51,43,13,31,13,Yes,Yes,Yes,Yes,Yes,Yes,Yes,No,Yes,Yes,Yes,Yes,Yes,No,Yes,Yes,Yes,Yes,Yes,Yes,No,Yes,Yes,No,Yes,Yes,Yes,Yes,Yes,Yes,No,Yes,Yes
GH00079,Uttar Pradesh,Meerut,Meerut,District Meerut Medical College Hospital,28.909453,77.688478,296,203,93,36,10,29,6,Yes,Yes,Yes,Yes,Yes,Yes,Yes,No,Yes,No,Yes,Yes,No,No,No,No,Yes,Yes,No,Yes,Yes,Yes,Yes,Yes,Yes,Yes,Yes,No,Yes,Yes,Yes,Yes,Yes
GH00080,Punjab,Hoshiarpur,Hoshiarpur,Government Hoshiarpur District Hospital,31.489092,75.87474,332,258,74,22,11,33,13,Yes,Yes,No,Yes,Yes,Yes,Yes,Yes,No,Yes,Yes,Yes,No,No,No,Yes,No,Yes,Yes,Yes,Yes,Yes,Yes,Yes,No,No,Yes,Yes,No,Yes,No,Yes,No
GH00081,Maharashtra,Mumbai,Mumbai,District Mumbai District Hospital,19.040123,72.938034,814,471,343,92,15,46,23,Yes,Yes,No,Yes,Yes,No,Yes,No,No,Yes,Yes,Yes,Yes,No,No,Yes,Yes,Yes,Yes,Yes,No,Yes,Yes,No,Yes,No,Yes,Yes,No,Yes,No,No,Yes
GH00082,Rajasthan,Udaipur,Udaipur,Civil Udaipur General Hospital,24.646754,73.704231,551,449,102,37,18,37,4,Yes,Yes,Yes,Yes,No,Yes,Yes,No,No,No,Yes,Yes,Yes,Yes,No,Yes,Yes,Yes,No,Yes,No,Yes,Yes,Yes,Yes,No,Yes,Yes,Yes,No,No,No,No
GH00083,Punjab,Hoshiarpur,Hoshiarpur,District Hoshiarpur General Hospital,31.569647,75.929677,603,338,265,64,29,36,0,Yes,Yes,Yes,Yes,Yes,Yes,Yes,Yes,Yes,Yes,No,Yes,No,Yes,No,Yes,Yes,Yes,Yes,Yes,No,Yes,Yes,Yes,Yes,Yes,Yes,Yes,No,No,Yes,No,Yes
GH00084,Maharashtra,Mumbai,Mumbai,Government Mumbai Hospital,19.07223,72.833865,671,548,123,74,23,69,11,Yes,Yes,Yes,No,Yes,Yes,Yes,Yes,No,Yes,Yes,Yes,Yes,No,Yes,Yes,Yes,Yes,Yes,Yes,No,Yes,Yes,Yes,No,Yes,Yes,Yes,Yes,No,Yes,No,Yes
GH00085,Tamil Nadu,Salem,Salem,State Salem General Hospital,11.584322,78.147781,412,351,61,46,4,48,21,Yes,Yes,Yes,Yes,Yes,Yes,No,Yes,Yes,No,Yes,Yes,Yes,Yes,Yes,No,Yes,Yes,Yes,Yes,Yes,Yes,Yes,No,Yes,Yes,Yes,Yes,Yes,No,Yes,Yes,No
GH00086,Uttar Pradesh,Agra,Agra,State Agra Hospital,27.203322,78.082668,260,191,69,17,8,15,2,Yes,Yes,Yes,No,Yes,Yes,Yes,No,No,Yes,Yes,Yes,No,Yes,No,Yes,Yes,Yes,Yes,Yes,Yes,Yes,Yes,No,No,Yes,Yes,Yes,No,Yes,No,No,Yes
GH00087,Tamil Nadu,Tiruchirappalli,Tiruchirappalli,Civil Tiruchirappalli District Hospital,10.732356,78.728962,133,95,38,10,3,13,0,Yes,Yes,Yes,Yes,Yes,Yes,No,Yes,No,Yes,Yes,Yes,Yes,Yes,No,Yes,No,Yes,Yes,Yes,Yes,Yes,Yes,Yes,Yes,Yes,Yes,Yes,Yes,Yes,No,Yes,No
GH00088,Punjab,Bathinda,Bathinda,Government Bathinda District Hospital,30.180898,74.989339,906,858,48,101,9,96,36,Yes,Yes,Yes,Yes,No,Yes,Yes,No,No,Yes,Yes,Yes,Yes,Yes,No,Yes,Yes,Yes,Yes,Yes,Yes,Yes,No,No,Yes,No,Yes,Yes,Yes,Yes,Yes,Yes,Yes
GH00089,Gujarat,Ahmedabad,Ahmedabad,Regional Ahmedabad Medical College Hospital,22.981957,72.568852,763,457,306,107,2,45,22,Yes,Yes,Yes,Yes,Yes,No,No,No,No,Yes,No,Yes,Yes,Yes,Yes,Yes,Yes,Yes,Yes,Yes,No,Yes,Yes,Yes,Yes,Yes,Yes,Yes,No,Yes,Yes,No,No
GH00090,Delhi,South Delhi,South Delhi,Regional South Delhi District Hospital,28.465453,77.334568,549,337,212,53,18,54,19,Yes,Yes,Yes,Yes,Yes,Yes,No,Yes,Yes,Yes,Yes,Yes,Yes,Yes,No,Yes,Yes,Yes,Yes,Yes,Yes,Yes,Yes,Yes,No,No,Yes,No,Yes,No,Yes,No,No
GH00091,Karnataka,Belagavi,Belagavi,Civil Belagavi General Hospital,15.883576,74.574683,182,167,15,9,2,18,0,Yes,Yes,Yes,Yes,Yes,Yes,Yes,No,No,Yes,No,Yes,No,No,No,Yes,No,Yes,Yes,Yes,Yes,Yes,Yes,Yes,No,Yes,Yes,Yes,Yes,Yes,Yes,Yes,No
GH00092,Maharashtra,Mumbai,Mumbai,District Mumbai Medical College Hospital,19.032588,72.899198,790,689,101,85,42,94,4,Yes,Yes,Yes,Yes,No,Yes,Yes,Yes,Yes,Yes,Yes,Yes,Yes,Yes,No,No,No,Yes,Yes,Yes,Yes,Yes,Yes,No,No,Yes,Yes,Yes,Yes,No,Yes,No,Yes
GH00093,Maharashtra,Thane,Thane,District Thane Medical College Hospital,19.168955,73.045018,581,555,26,66,16,36,0,Yes,Yes,Yes,Yes,Yes,Yes,Yes,Yes,No,Yes,No,Yes,Yes,Yes,No,Yes,No,Yes,Yes,Yes,No,Yes,Yes,Yes,No,Yes,Yes,Yes,Yes,Yes,Yes,No,Yes
GH00094,Gujarat,Rajkot,Rajkot,District Rajkot General Hospital,22.235285,70.733241,456,332,124,37,16,50,15,Yes,Yes,No,Yes,Yes,No,No,Yes,No,No,Yes,Yes,Yes,No,No,Yes,Yes,Yes,Yes,Yes,No,Yes,Yes,Yes,Yes,No,Yes,Yes,Yes,Yes,Yes,No,No
GH00095,Gujarat,Rajkot,Rajkot,State Rajkot General Hospital,22.259787,70.828288,933,855,78,97,20,52,18,Yes,Yes,Yes,Yes,Yes,Yes,Yes,No,No,Yes,Yes,Yes,No,No,No,No,Yes,Yes,Yes,Yes,Yes,Yes,Yes,Yes,No,Yes,No,Yes,Yes,No,Yes,No,No
GH00096,West Bengal,Kolkata,Kolkata,Civil Kolkata Hospital,22.509003,88.366117,773,663,110,74,34,48,13,Yes,Yes,Yes,Yes,No,No,No,No,Yes,No,Yes,Yes,Yes,No,Yes,No,Yes,Yes,Yes,Yes,No,Yes,Yes,No,Yes,No,Yes,Yes,Yes,No,No,Yes,Yes
GH00097,Rajasthan,Kota,Kota,Integrated Kota General Hospital,25.26804,75.786627,878,465,413,61,23,100,22,Yes,Yes,Yes,No,Yes,Yes,No,No,No,No,Yes,Yes,Yes,No,No,Yes,No,Yes,Yes,Yes,Yes,Yes,Yes,Yes,Yes,No,Yes,Yes,Yes,No,Yes,No,No
GH00098,Tamil Nadu,Chennai,Chennai,District Chennai Medical College Hospital,13.004645,80.298543,826,494,332,66,33,73,32,Yes,Yes,Yes,Yes,Yes,Yes,Yes,No,Yes,No,Yes,Yes,Yes,No,Yes,Yes,No,Yes,Yes,Yes,Yes,Yes,Yes,Yes,Yes,Yes,Yes,Yes,Yes,Yes,Yes,Yes,No
GH00099,Uttar Pradesh,Kanpur,Kanpur,Civil Kanpur Hospital,26.3807,80.334892,763,459,304,76,20,65,16,Yes,Yes,Yes,No,Yes,Yes,No,No,Yes,Yes,Yes,Yes,Yes,Yes,No,Yes,Yes,Yes,Yes,No,No,Yes,Yes,No,Yes,Yes,Yes,Yes,Yes,Yes,Yes,No,Yes
GH00100,Gujarat,Rajkot,Rajkot,Civil Rajkot Medical College Hospital,22.332064,70.835261,567,565,2,36,12,64,0,Yes,Yes,Yes,Yes,Yes,Yes,No,No,Yes,Yes,No,Yes,Yes,No,Yes,Yes,No,Yes,Yes,Yes,Yes,Yes,Yes,Yes,No,Yes,Yes,Yes,Yes,No,Yes,Yes,Yes
GH00101,Delhi,New Delhi,New Delhi,State New Delhi General Hospital,28.54872,77.248741,448,425,23,45,23,31,7,Yes,Yes,No,Yes,Yes,Yes,No,Yes,No,No,Yes,Yes,Yes,No,Yes,Yes,No,Yes,Yes,Yes,Yes,Yes,Yes,Yes,Yes,Yes,Yes,Yes,Yes,Yes,No,No,No
GH00102,Rajasthan,Ajmer,Ajmer,Integrated Ajmer General Hospital,26.501577,74.709134,986,569,417,93,17,73,2,Yes,Yes,Yes,Yes,Yes,Yes,No,Yes,Yes,Yes,No,Yes,Yes,Yes,Yes,Yes,No,Yes,Yes,Yes,Yes,Yes,Yes,No,Yes,Yes,Yes,No,Yes,No,Yes,Yes,Yes
GH00103,Karnataka,Hubballi,Hubballi,Civil Hubballi District Hospital,15.332867,75.124421,990,591,399,146,43,89,31,Yes,Yes,Yes,Yes,No,Yes,No,Yes,No,Yes,Yes,Yes,Yes,Yes,Yes,Yes,No,Yes,Yes,Yes,Yes,Yes,Yes,Yes,Yes,Yes,Yes,Yes,No,No,Yes,No,No
GH00104,Gujarat,Ahmedabad,Ahmedabad,State Ahmedabad General Hospital,22.994779,72.548108,822,606,216,72,27,69,33,Yes,Yes,Yes,Yes,No,Yes,Yes,No,No,Yes,No,Yes,Yes,No,No,Yes,Yes,Yes,Yes,Yes,No,Yes,Yes,Yes,Yes,Yes,Yes,Yes,Yes,Yes,Yes,Yes,Yes
GH00105,Delhi,West Delhi,West Delhi,Regional West Delhi District Hospital,28.59822,77.179637,990,546,444,136,12,56,14,Yes,Yes,Yes,Yes,Yes,Yes,Yes,No,Yes,Yes,Yes,Yes,Yes,Yes,No,Yes,No,Yes,Yes,Yes,No,Yes,Yes,Yes,Yes,Yes,Yes,Yes,Yes,Yes,Yes,Yes,Yes
GH00106,Bihar,Gaya,Gaya,Civil Gaya Medical College Hospital,24.734255,85.030932,176,148,28,22,7,12,1,Yes,Yes,Yes,Yes,No,Yes,Yes,Yes,Yes,No,Yes,Yes,Yes,No,No,Yes,Yes,Yes,Yes,Yes,No,Yes,Yes,No,Yes,Yes,Yes,Yes,Yes,No,No,Yes,Yes
GH00107,Gujarat,Ahmedabad,Ahmedabad,State Ahmedabad General Hospital,23.004552,72.619966,424,372,52,51,2,35,1,Yes,Yes,No,Yes,Yes,No,Yes,Yes,No,Yes,Yes,Yes,Yes,Yes,No,Yes,No,Yes,Yes,Yes,Yes,Yes,Yes,Yes,Yes,Yes,Yes,Yes,Yes,Yes,Yes,No,Yes
GH00108,Bihar,Purnia,Purnia,Government Purnia District Hospital,25.69795,87.524019,332,189,143,31,13,34,14,Yes,Yes,Yes,Yes,Yes,No,Yes,No,No,No,Yes,Yes,Yes,No,No,Yes,Yes,Yes,Yes,Yes,No,Yes,Yes,Yes,No,No,Yes,Yes,Yes,Yes,No,Yes,Yes
GH00109,Tamil Nadu,Coimbatore,Coimbatore,Integrated Coimbatore District Hospital,10.987012,76.91444,129,69,60,10,5,10,3,Yes,Yes,Yes,Yes,No,Yes,Yes,Yes,No,Yes,No,Yes,Yes,No,Yes,Yes,Yes,Yes,No,Yes,Yes,Yes,Yes,Yes,Yes,Yes,Yes,Yes,No,No,No,Yes,Yes
GH00110,Gujarat,Surat,Surat,Government Surat General Hospital,21.202032,72.810036,679,431,248,45,21,62,7,Yes,Yes,Yes,Yes,Yes,Yes,No,Yes,No,Yes,Yes,Yes,Yes,No,No,Yes,No,Yes,No,Yes,No,Yes,Yes,Yes,Yes,No,Yes,Yes,No,No,No,Yes,Yes
GH00111,Rajasthan,Bikaner,Bikaner,Government Bikaner General Hospital,28.008691,73.252713,697,421,276,51,6,47,16,Yes,Yes,Yes,Yes,Yes,Yes,Yes,No,Yes,Yes,No,Yes,Yes,No,Yes,No,No,Yes,Yes,Yes,No,Yes,Yes,No,No,Yes,Yes,Yes,Yes,No,No,No,Yes
GH00112,Bihar,Begusarai,Begusarai,State Begusarai Medical College Hospital,25.422628,86.081062,175,143,32,25,4,12,3,Yes,Yes,No,No,Yes,No,No,No,Yes,Yes,Yes,Yes,Yes,Yes,No,Yes,Yes,Yes,Yes,Yes,No,Yes,Yes,Yes,Yes,Yes,Yes,Yes,Yes,No,Yes,Yes,No
GH00113,Maharashtra,Nashik,Nashik,State Nashik Medical College Hospital,20.015052,73.821742,493,464,29,48,17,37,8,Yes,Yes,Yes,Yes,No,Yes,Yes,Yes,Yes,Yes,Yes,Yes,No,No,No,Yes,Yes,Yes,Yes,Yes,Yes,Yes,Yes,No,No,Yes,Yes,No,Yes,No,Yes,No,No
GH00114,Rajasthan,Udaipur,Udaipur,Integrated Udaipur District Hospital,24.510204,73.776079,122,114,8,14,3,10,0,Yes,Yes,Yes,No,Yes,No,Yes,Yes,Yes,No,No,Yes,No,No,Yes,Yes,Yes,Yes,Yes,Yes,Yes,Yes,Yes,Yes,Yes,No,Yes,No,Yes,Yes,No,Yes,Yes
GH00115,Bihar,Begusarai,Begusarai,State Begusarai Medical College Hospital,25.375401,86.067949,721,540,181,51,20,67,26,Yes,Yes,Yes,Yes,Yes,Yes,Yes,No,Yes,Yes,No,Yes,Yes,Yes,No,Yes,No,Yes,Yes,Yes,No,Yes,Yes,Yes,Yes,Yes,Yes,Yes,Yes,No,Yes,Yes,Yes
GH00116,Punjab,Bathinda,Bathinda,Integrated Bathinda Hospital,30.247001,74.957386,416,409,7,39,2,31,12,Yes,Yes,Yes,Yes,No,Yes,Yes,No,No,No,Yes,Yes,Yes,Yes,No,Yes,Yes,Yes,Yes,Yes,No,Yes,Yes,Yes,No,Yes,Yes,No,Yes,No,Yes,Yes,Yes
GH00117,Punjab,Patiala,Patiala,State Patiala General Hospital,30.296572,76.395326,279,190,89,17,1,31,5,Yes,Yes,Yes,Yes,Yes,Yes,Yes,Yes,Yes,Yes,No,Yes,Yes,No,No,Yes,Yes,Yes,Yes,Yes,Yes,Yes,Yes,No,No,Yes,Yes,Yes,Yes,No,Yes,Yes,Yes
GH00118,Karnataka,Belagavi,Belagavi,State Belagavi Medical College Hospital,15.909007,74.544515,363,304,59,53,18,37,9,Yes,Yes,Yes,Yes,Yes,Yes,Yes,Yes,Yes,No,Yes,Yes,Yes,Yes,Yes,No,Yes,Yes,Yes,Yes,Yes,Yes,Yes,Yes,No,No,Yes,No,Yes,Yes,Yes,Yes,Yes
GH00119,Punjab,Amritsar,Amritsar,District Amritsar Medical College Hospital,31.652421,74.937997,872,551,321,118,13,84,17,Yes,Yes,Yes,Yes,Yes,Yes,Yes,Yes,No,Yes,Yes,Yes,Yes,Yes,Yes,Yes,Yes,Yes,Yes,Yes,Yes,Yes,Yes,Yes,No,Yes,Yes,Yes,Yes,No,No,Yes,Yes
GH00120,Karnataka,Mangaluru,Mangaluru,District Mangaluru General Hospital,12.837165,74.908297,114,73,41,11,3,10,0,Yes,Yes,Yes,Yes,Yes,Yes,Yes,No,No,No,Yes,Yes,Yes,No,Yes,No,No,Yes,Yes,Yes,Yes,Yes,No,Yes,No,No,Yes,No,Yes,Yes,Yes,Yes,Yes
GH00121,Maharashtra,Thane,Thane,Civil Thane District Hospital,19.193242,73.031631,210,191,19,15,8,19,2,Yes,Yes,No,Yes,Yes,No,Yes,Yes,Yes,Yes,Yes,Yes,No,Yes,No,Yes,Yes,Yes,Yes,Yes,No,Yes,No,No,No,Yes,Yes,Yes,Yes,Yes,Yes,No,No
GH00122,West Bengal,Asansol,Asansol,Government Asansol Hospital,23.739368,86.92262,750,612,138,105,34,71,29,Yes,Yes,Yes,Yes,Yes,Yes,Yes,Yes,No,Yes,Yes,Yes,Yes,Yes,No,Yes,No,Yes,Yes,Yes,Yes,Yes,No,Yes,No,Yes,Yes,No,Yes,No,No,Yes,Yes
GH00123,Delhi,New Delhi,New Delhi,District New Delhi District Hospital,28.53563,77.261248,604,361,243,36,1,35,4,Yes,Yes,Yes,Yes,Yes,Yes,Yes,No,Yes,Yes,Yes,Yes,Yes,Yes,No,Yes,Yes,Yes,Yes,Yes,Yes,Yes,Yes,No,Yes,No,Yes,Yes,Yes,Yes,No,Yes,Yes
GH00124,West Bengal,Asansol,Asansol,Civil Asansol Medical College Hospital,23.692135,86.912857,524,312,212,69,9,60,22,Yes,Yes,Yes,Yes,No,No,Yes,Yes,Yes,No,Yes,Yes,Yes,Yes,No,Yes,No,Yes,Yes,Yes,No,Yes,Yes,Yes,Yes,No,Yes,No,Yes,Yes,Yes,Yes,Yes
GH00125,Bihar,Darbhanga,Darbhanga,Government Darbhanga General Hospital,26.099995,85.916826,555,397,158,75,32,65,10,Yes,Yes,No,Yes,Yes,Yes,Yes,Yes,No,No,Yes,Yes,Yes,Yes,No,Yes,No,Yes,Yes,Yes,Yes,Yes,Yes,Yes,Yes,Yes,Yes,Yes,Yes,Yes,Yes,No,Yes
GH00126,Karnataka,Mangaluru,Mangaluru,District Mangaluru General Hospital,12.901169,74.802913,382,239,143,56,1,41,19,Yes,Yes,No,Yes,Yes,Yes,No,No,Yes,No,No,Yes,No,No,No,Yes,No,Yes,Yes,Yes,Yes,Yes,Yes,Yes,No,Yes,Yes,Yes,Yes,No,Yes,No,Yes
GH00127,Uttar Pradesh,Lucknow,Lucknow,District Lucknow District Hospital,26.848955,80.915555,349,206,143,44,16,19,2,Yes,Yes,Yes,Yes,Yes,Yes,Yes,No,No,Yes,Yes,Yes,Yes,No,No,No,Yes,Yes,Yes,Yes,No,Yes,Yes,Yes,No,Yes,Yes,Yes,Yes,Yes,Yes,Yes,Yes
GH00128,Uttar Pradesh,Agra,Agra,Government Agra District Hospital,27.122336,77.95545,892,521,371,114,19,44,18,Yes,Yes,Yes,Yes,No,Yes,Yes,Yes,Yes,No,Yes,Yes,Yes,Yes,Yes,No,No,Yes,Yes,Yes,No,Yes,Yes,Yes,Yes,Yes,Yes,Yes,Yes,Yes,No,Yes,Yes
GH00129,Delhi,West Delhi,West Delhi,State West Delhi Medical College Hospital,28.665836,77.10073,212,190,22,28,12,10,4,Yes,Yes,No,Yes,Yes,Yes,Yes,No,Yes,Yes,Yes,Yes,Yes,No,No,Yes,Yes,Yes,Yes,No,Yes,Yes,Yes,No,Yes,Yes,Yes,Yes,Yes,Yes,Yes,Yes,Yes
GH00130,Rajasthan,Udaipur,Udaipur,District Udaipur Medical College Hospital,24.531219,73.724019,371,198,173,23,6,32,14,Yes,Yes,Yes,Yes,Yes,Yes,Yes,Yes,Yes,No,Yes,Yes,Yes,Yes,No,Yes,No,Yes,Yes,Yes,No,Yes,Yes,Yes,Yes,Yes,Yes,Yes,No,Yes,Yes,No,Yes
GH00131,Tamil Nadu,Salem,Salem,State Salem Hospital,11.691703,78.109303,562,538,24,40,1,29,6,Yes,Yes,Yes,No,Yes,No,No,No,No,Yes,No,Yes,Yes,Yes,No,Yes,Yes,Yes,Yes,Yes,No,Yes,No,Yes,No,Yes,Yes,Yes,No,Yes,No,No,Yes
GH00132,Tamil Nadu,Chennai,Chennai,District Chennai General Hospital,13.036351,80.313158,967,688,279,89,39,81,13,Yes,Yes,Yes,Yes,Yes,Yes,No,No,No,Yes,Yes,Yes,Yes,No,No,Yes,Yes,Yes,Yes,Yes,Yes,Yes,Yes,Yes,No,Yes,Yes,Yes,Yes,No,Yes,No,Yes
GH00133,Punjab,Mohali,Mohali,State Mohali Medical College Hospital,30.701165,76.786518,167,99,68,12,1,15,3,Yes,Yes,Yes,Yes,Yes,Yes,Yes,Yes,No,Yes,Yes,Yes,Yes,Yes,No,No,Yes,Yes,Yes,Yes,No,Yes,Yes,Yes,Yes,Yes,Yes,Yes,Yes,No,Yes,Yes,No
GH00134,Gujarat,Gandhinagar,Gandhinagar,Regional Gandhinagar District Hospital,23.279642,72.683651,564,540,24,62,25,59,27,Yes,Yes,Yes,Yes,No,Yes,Yes,Yes,Yes,No,Yes,Yes,Yes,Yes,No,Yes,No,Yes,Yes,Yes,Yes,Yes,Yes,No,Yes,Yes,Yes,Yes,Yes,Yes,Yes,No,Yes
GH00135,Karnataka,Mysuru,Mysuru,Civil Mysuru General Hospital,12.256517,76.561464,333,271,62,27,7,25,2,Yes,Yes,Yes,Yes,No,Yes,Yes,Yes,No,Yes,Yes,Yes,Yes,Yes,Yes,Yes,Yes,Yes,Yes,No,Yes,Yes,Yes,No,Yes,No,Yes,Yes,Yes,No,No,Yes,Yes
GH00136,Punjab,Patiala,Patiala,Civil Patiala District Hospital,30.360983,76.327432,781,520,261,68,25,76,8,Yes,Yes,Yes,Yes,Yes,No,No,Yes,No,No,Yes,Yes,Yes,Yes,No,Yes,No,Yes,Yes,Yes,No,Yes,Yes,Yes,Yes,Yes,Yes,Yes,Yes,Yes,Yes,No,No
GH00137,Punjab,Mohali,Mohali,District Mohali Hospital,30.631253,76.717601,542,320,222,67,11,57,12,Yes,Yes,Yes,Yes,Yes,Yes,No,No,No,No,Yes,Yes,Yes,Yes,Yes,Yes,No,Yes,Yes,No,Yes,Yes,Yes,No,No,Yes,Yes,Yes,Yes,Yes,Yes,No,Yes
GH00138,Bihar,Darbhanga,Darbhanga,Integrated Darbhanga Hospital,26.093472,85.905327,520,441,79,71,9,57,6,Yes,Yes,No,Yes,Yes,Yes,Yes,Yes,No,No,Yes,Yes,Yes,Yes,Yes,No,Yes,Yes,Yes,Yes,Yes,Yes,Yes,No,No,Yes,No,Yes,Yes,No,Yes,Yes,Yes
GH00139,Bihar,Bhagalpur,Bhagalpur,Regional Bhagalpur District Hospital,25.182792,86.966879,460,256,204,49,19,27,7,Yes,Yes,Yes,Yes,Yes,Yes,Yes,No,No,Yes,Yes,Yes,Yes,Yes,Yes,Yes,No,Yes,Yes,Yes,Yes,Yes,Yes,Yes,Yes,No,Yes,Yes,No,Yes,Yes,No,No
GH00140,Uttar Pradesh,Kanpur,Kanpur,State Kanpur District Hospital,26.495255,80.296231,217,205,12,16,5,23,4,Yes,Yes,No,Yes,No,No,Yes,No,Yes,Yes,Yes,Yes,Yes,No,No,Yes,No,Yes,No,Yes,No,Yes,Yes,Yes,Yes,Yes,Yes,Yes,Yes,No,No,Yes,Yes
GH00141,Rajasthan,Ajmer,Ajmer,Integrated Ajmer Hospital,26.440712,74.567638,723,697,26,96,31,37,11,Yes,Yes,Yes,Yes,Yes,Yes,No,No,No,No,No,Yes,Yes,Yes,No,Yes,No,Yes,Yes,Yes,No,Yes,Yes,Yes,No,Yes,Yes,Yes,Yes,Yes,Yes,Yes,Yes
GH00142,Maharashtra,Nagpur,Nagpur,State Nagpur Hospital,21.127673,79.016384,285,178,107,30,3,15,8,Yes,Yes,Yes,Yes,Yes,Yes,No,Yes,No,Yes,Yes,Yes,Yes,No,No,Yes,No,Yes,Yes,Yes,Yes,Yes,Yes,Yes,Yes,No,Yes,Yes,Yes,Yes,Yes,Yes,Yes
GH00143,Punjab,Bathinda,Bathinda,Regional Bathinda Medical College Hospital,30.170336,74.922802,485,349,136,46,18,36,8,Yes,Yes,No,Yes,No,Yes,Yes,No,Yes,Yes,Yes,Yes,Yes,Yes,No,Yes,Yes,Yes,Yes,Yes,Yes,No,Yes,No,Yes,Yes,Yes,Yes,Yes,No,No,Yes,Yes
GH00144,Rajasthan,Ajmer,Ajmer,District Ajmer Hospital,26.517489,74.571538,259,169,90,32,15,25,9,Yes,Yes,Yes,Yes,Yes,No,Yes,No,No,Yes,Yes,Yes,Yes,No,Yes,No,Yes,Yes,Yes,Yes,No,Yes,Yes,No,Yes,Yes,Yes,Yes,Yes,Yes,Yes,No,Yes
GH00145,Tamil Nadu,Salem,Salem,Civil Salem General Hospital,11.692373,78.12936,524,401,123,37,3,30,2,Yes,Yes,Yes,Yes,No,No,No,No,Yes,Yes,Yes,Yes,Yes,Yes,No,Yes,No,Yes,Yes,Yes,No,Yes,Yes,No,Yes,Yes,Yes,Yes,Yes,No,Yes,No,No
GH00146,Punjab,Patiala,Patiala,Integrated Patiala General Hospital,30.357417,76.385008,639,476,163,34,5,75,35,Yes,Yes,Yes,Yes,Yes,Yes,Yes,Yes,Yes,Yes,Yes,Yes,Yes,Yes,No,No,Yes,Yes,Yes,Yes,No,Yes,Yes,Yes,No,Yes,Yes,No,Yes,No,Yes,No,Yes
GH00147,Bihar,Muzaffarpur,Muzaffarpur,State Muzaffarpur Medical College Hospital,26.159678,85.457087,885,512,373,111,38,64,32,Yes,Yes,Yes,Yes,Yes,Yes,Yes,Yes,No,Yes,Yes,Yes,Yes,Yes,Yes,Yes,Yes,Yes,Yes,Yes,Yes,Yes,Yes,Yes,No,No,Yes,Yes,Yes,No,Yes,Yes,No
GH00148,Tamil Nadu,Salem,Salem,Government Salem Medical College Hospital,11.692951,78.215078,489,380,109,58,13,43,1,Yes,Yes,No,Yes,Yes,No,Yes,Yes,No,Yes,Yes,Yes,Yes,No,No,Yes,Yes,Yes,Yes,Yes,Yes,Yes,Yes,No,Yes,No,Yes,Yes,Yes,No,No,Yes,Yes
GH00149,West Bengal,Kolkata,Kolkata,Civil Kolkata Hospital,22.600073,88.40059,546,282,264,52,24,60,12,Yes,Yes,Yes,Yes,Yes,Yes,Yes,No,No,Yes,Yes,Yes,Yes,Yes,No,No,Yes,Yes,Yes,Yes,No,Yes,No,Yes,Yes,Yes,Yes,Yes,Yes,Yes,No,No,Yes
GH00150,Gujarat,Gandhinagar,Gandhinagar,Civil Gandhinagar General Hospital,23.272992,72.694057,396,227,169,35,8,24,3,Yes,Yes,Yes,Yes,Yes,No,No,Yes,No,No,Yes,Yes,Yes,Yes,No,No,Yes,Yes,No,Yes,No,Yes,Yes,No,Yes,No,Yes,Yes,Yes,No,Yes,No,Yes
GH00151,Tamil Nadu,Madurai,Madurai,District Madurai General Hospital,9.853782,78.154594,964,536,428,71,11,83,17,Yes,Yes,Yes,Yes,Yes,Yes,No,Yes,Yes,No,Yes,Yes,Yes,Yes,No,No,No,Yes,Yes,Yes,No,Yes,Yes,No,No,Yes,Yes,No,Yes,No,No,No,Yes
GH00152,Maharashtra,Aurangabad,Aurangabad,State Aurangabad Medical College Hospital,19.836007,75.414029,441,419,22,29,12,38,13,Yes,Yes,Yes,Yes,Yes,Yes,Yes,Yes,No,Yes,Yes,Yes,Yes,Yes,No,No,Yes,Yes,Yes,Yes,No,Yes,Yes,Yes,Yes,Yes,Yes,Yes,Yes,No,Yes,Yes,Yes
GH00153,West Bengal,Durgapur,Durgapur,Integrated Durgapur Medical College Hospital,23.481464,87.352238,341,196,145,22,8,21,9,Yes,Yes,Yes,Yes,Yes,No,Yes,No,Yes,Yes,Yes,Yes,Yes,Yes,Yes,No,No,Yes,Yes,Yes,Yes,Yes,Yes,No,Yes,Yes,Yes,Yes,Yes,No,No,Yes,Yes
GH00154,Punjab,Ludhiana,Ludhiana,Integrated Ludhiana General Hospital,30.980093,75.814537,575,575,0,72,8,56,0,Yes,Yes,Yes,Yes,Yes,Yes,No,Yes,Yes,No,Yes,Yes,No,No,Yes,No,Yes,Yes,No,Yes,No,Yes,Yes,Yes,No,No,Yes,Yes,Yes,Yes,Yes,Yes,No
GH00155,Rajasthan,Bikaner,Bikaner,Integrated Bikaner District Hospital,27.996873,73.364304,984,813,171,80,12,53,13,Yes,Yes,Yes,Yes,Yes,Yes,Yes,Yes,No,Yes,Yes,Yes,Yes,No,No,Yes,Yes,Yes,Yes,No,Yes,Yes,Yes,Yes,Yes,No,Yes,Yes,Yes,Yes,No,Yes,No
GH00156,Maharashtra,Nagpur,Nagpur,Regional Nagpur Hospital,21.152941,79.020657,460,359,101,26,6,37,18,Yes,Yes,No,Yes,No,Yes,No,Yes,No,No,No,Yes,No,No,No,Yes,Yes,Yes,Yes,Yes,Yes,Yes,Yes,Yes,Yes,Yes,Yes,Yes,Yes,No,Yes,Yes,Yes
GH00157,West Bengal,Durgapur,Durgapur,District Durgapur Hospital,23.500778,87.298063,729,668,61,73,8,66,31,Yes,Yes,Yes,Yes,No,No,Yes,Yes,Yes,Yes,No,Yes,Yes,No,Yes,No,Yes,Yes,Yes,Yes,No,Yes,Yes,No,No,No,Yes,No,Yes,Yes,Yes,No,Yes
GH00158,Tamil Nadu,Tiruchirappalli,Tiruchirappalli,Integrated Tiruchirappalli Medical College Hospital,10.734261,78.720135,429,368,61,41,17,50,11,Yes,Yes,Yes,Yes,Yes,Yes,Yes,Yes,No,No,Yes,Yes,Yes,No,Yes,Yes,No,Yes,Yes,Yes,No,Yes,Yes,Yes,No,Yes,Yes,Yes,Yes,Yes,Yes,Yes,Yes
GH00159,Punjab,Hoshiarpur,Hoshiarpur,State Hoshiarpur Hospital,31.448662,75.977232,616,396,220,33,3,73,4,Yes,Yes,Yes,Yes,Yes,Yes,No,Yes,No,Yes,Yes,Yes,Yes,No,No,Yes,Yes,Yes,Yes,No,Yes,Yes,Yes,Yes,No,No,Yes,No,Yes,Yes,Yes,Yes,No
GH00160,Karnataka,Belagavi,Belagavi,Government Belagavi District Hospital,15.916773,74.485503,481,474,7,37,6,50,4,Yes,Yes,Yes,No,Yes,Yes,Yes,No,No,No,No,Yes,Yes,Yes,No,Yes,No,Yes,No,Yes,No,Yes,Yes,Yes,Yes,Yes,Yes,Yes,Yes,Yes,Yes,Yes,No
GH00161,Rajasthan,Jaipur,Jaipur,Integrated Jaipur District Hospital,26.919711,75.73995,167,125,42,9,0,12,4,Yes,Yes,Yes,Yes,Yes,Yes,No,No,No,Yes,Yes,Yes,No,Yes,No,Yes,Yes,Yes,Yes,Yes,Yes,Yes,No,Yes,No,No,Yes,Yes,Yes,No,No,No,No
GH00162,Rajasthan,Jodhpur,Jodhpur,State Jodhpur Hospital,26.25067,72.998963,696,687,9,44,11,49,5,Yes,Yes,Yes,Yes,No,Yes,Yes,No,No,Yes,Yes,Yes,No,Yes,No,Yes,No,Yes,Yes,Yes,Yes,Yes,Yes,Yes,Yes,Yes,Yes,Yes,Yes,No,No,No,Yes
GH00163,Gujarat,Surat,Surat,Regional Surat Hospital,21.242699,72.866179,417,351,66,36,8,44,1,Yes,Yes,No,Yes,Yes,Yes,No,Yes,Yes,Yes,Yes,Yes,Yes,Yes,No,Yes,No,Yes,Yes,No,No,Yes,Yes,Yes,Yes,Yes,Yes,Yes,Yes,Yes,Yes,No,Yes
GH00164,Karnataka,Bengaluru,Bengaluru,Integrated Bengaluru General Hospital,12.905195,77.584399,620,495,125,32,7,38,13,Yes,Yes,Yes,Yes,Yes,Yes,Yes,No,No,Yes,Yes,Yes,Yes,Yes,No,Yes,No,Yes,Yes,Yes,No,Yes,Yes,No,Yes,Yes,Yes,Yes,Yes,Yes,Yes,No,Yes
GH00165,West Bengal,Siliguri,Siliguri,Government Siliguri Medical College Hospital,26.678293,88.396086,240,139,101,13,6,20,2,Yes,Yes,Yes,Yes,Yes,Yes,Yes,Yes,No,Yes,Yes,Yes,Yes,No,Yes,Yes,Yes,Yes,Yes,Yes,No,Yes,Yes,Yes,Yes,Yes,Yes,No,No,No,Yes,No,Yes
GH00166,Karnataka,Bengaluru,Bengaluru,Integrated Bengaluru District Hospital,12.992523,77.587504,997,890,107,111,18,76,28,Yes,Yes,Yes,Yes,Yes,Yes,No,Yes,Yes,No,Yes,Yes,Yes,Yes,Yes,No,No,Yes,Yes,Yes,Yes,No,Yes,Yes,Yes,Yes,Yes,Yes,Yes,No,No,Yes,No
GH00167,Delhi,West Delhi,West Delhi,Government West Delhi General Hospital,28.675489,77.18098,144,124,20,12,1,10,2,Yes,Yes,Yes,Yes,Yes,Yes,No,No,No,Yes,Yes,Yes,Yes,Yes,Yes,Yes,Yes,Yes,Yes,Yes,Yes,No,Yes,Yes,Yes,No,Yes,Yes,Yes,Yes,Yes,No,No
GH00168,Rajasthan,Udaipur,Udaipur,Integrated Udaipur General Hospital,24.519273,73.718638,339,305,34,25,1,35,12,Yes,Yes,No,Yes,No,Yes,No,No,No,No,Yes,Yes,No,Yes,Yes,Yes,No,Yes,No,Yes,No,Yes,Yes,Yes,Yes,Yes,No,Yes,Yes,No,Yes,No,Yes
GH00169,West Bengal,Asansol,Asansol,Civil Asansol General Hospital,23.733025,86.901305,887,587,300,113,25,77,29,Yes,Yes,No,Yes,Yes,No,Yes,No,Yes,No,Yes,Yes,Yes,Yes,No,Yes,Yes,Yes,Yes,Yes,No,Yes,Yes,Yes,No,Yes,Yes,Yes,Yes,Yes,No,No,Yes
GH00170,Uttar Pradesh,Varanasi,Varanasi,State Varanasi Hospital,25.29652,83.050545,756,624,132,103,17,87,11,Yes,Yes,Yes,Yes,No,Yes,Yes,No,No,Yes,Yes,Yes,Yes,No,No,Yes,No,Yes,Yes,Yes,No,Yes,Yes,Yes,No,Yes,Yes,No,Yes,Yes,Yes,No,Yes
GH00171,Punjab,Patiala,Patiala,District Patiala Medical College Hospital,30.290628,76.327551,379,304,75,53,23,40,18,Yes,Yes,Yes,Yes,Yes,Yes,Yes,Yes,No,Yes,No,Yes,Yes,Yes,No,Yes,No,Yes,No,Yes,Yes,Yes,Yes,Yes,Yes,Yes,Yes,Yes,Yes,No,Yes,Yes,No
GH00172,Uttar Pradesh,Gorakhpur,Gorakhpur,State Gorakhpur Hospital,26.682282,83.415102,524,289,235,46,12,34,15,Yes,Yes,No,Yes,Yes,Yes,Yes,No,No,Yes,Yes,Yes,No,No,No,Yes,Yes,Yes,No,Yes,No,Yes,Yes,Yes,No,Yes,Yes,Yes,Yes,Yes,Yes,Yes,Yes
GH00173,West Bengal,Howrah,Howrah,District Howrah District Hospital,22.529715,88.232115,201,191,10,23,0,12,6,Yes,Yes,No,Yes,Yes,Yes,No,Yes,No,No,Yes,Yes,Yes,No,No,Yes,Yes,Yes,Yes,Yes,No,No,Yes,Yes,Yes,Yes,Yes,No,No,Yes,Yes,Yes,Yes
GH00174,Maharashtra,Nashik,Nashik,Integrated Nashik Medical College Hospital,20.028695,73.792227,877,799,78,84,3,44,20,Yes,Yes,No,Yes,Yes,No,Yes,Yes,Yes,Yes,No,Yes,Yes,No,No,Yes,No,Yes,Yes,Yes,No,Yes,Yes,Yes,Yes,Yes,No,Yes,No,Yes,Yes,No,Yes
GH00175,Bihar,Bhagalpur,Bhagalpur,Government Bhagalpur Medical College Hospital,25.277382,86.963727,661,641,20,67,27,68,19,Yes,Yes,Yes,Yes,Yes,No,Yes,No,No,Yes,Yes,Yes,No,No,No,Yes,Yes,Yes,Yes,Yes,No,Yes,Yes,Yes,Yes,Yes,Yes,Yes,Yes,Yes,No,Yes,Yes
GH00176,Maharashtra,Mumbai,Mumbai,District Mumbai Medical College Hospital,19.088247,72.955035,529,498,31,29,0,48,24,Yes,Yes,Yes,Yes,Yes,Yes,Yes,No,Yes,Yes,Yes,Yes,Yes,No,Yes,No,Yes,Yes,Yes,Yes,No,Yes,Yes,Yes,Yes,Yes,Yes,Yes,Yes,Yes,Yes,No,Yes
GH00177,Karnataka,Belagavi,Belagavi,Government Belagavi Medical College Hospital,15.828369,74.480247,398,308,90,19,5,26,7,Yes,Yes,No,No,No,Yes,Yes,Yes,Yes,Yes,No,Yes,No,No,No,Yes,Yes,Yes,Yes,Yes,Yes,Yes,Yes,Yes,No,Yes,Yes,Yes,Yes,No,No,No,Yes
GH00178,Delhi,New Delhi,New Delhi,Regional New Delhi District Hospital,28.639871,77.226549,169,151,18,17,1,15,2,Yes,Yes,No,Yes,Yes,Yes,Yes,Yes,Yes,Yes,No,Yes,Yes,No,No,Yes,Yes,Yes,Yes,Yes,Yes,Yes,Yes,Yes,Yes,Yes,Yes,No,Yes,Yes,No,No,No
GH00179,Tamil Nadu,Chennai,Chennai,Integrated Chennai General Hospital,13.020935,80.293725,482,305,177,60,19,50,14,Yes,Yes,Yes,Yes,Yes,Yes,Yes,Yes,No,Yes,Yes,Yes,Yes,Yes,Yes,Yes,No,Yes,Yes,Yes,Yes,Yes,Yes,Yes,Yes,Yes,Yes,No,Yes,Yes,Yes,Yes,Yes
GH00180,Uttar Pradesh,Kanpur,Kanpur,Regional Kanpur District Hospital,26.391606,80.293508,236,123,113,20,5,25,11,Yes,Yes,Yes,Yes,Yes,No,No,Yes,No,Yes,Yes,Yes,Yes,No,Yes,Yes,No,Yes,Yes,Yes,No,Yes,No,No,Yes,No,Yes,Yes,Yes,No,No,No,Yes
GH00181,Tamil Nadu,Salem,Salem,Integrated Salem Medical College Hospital,11.590692,78.123967,930,534,396,52,2,107,52,Yes,Yes,Yes,Yes,Yes,Yes,Yes,Yes,No,No,Yes,Yes,Yes,Yes,No,Yes,Yes,Yes,Yes,Yes,No,Yes,Yes,Yes,Yes,Yes,Yes,Yes,No,No,Yes,Yes,Yes
GH00182,Maharashtra,Pune,Pune,District Pune Medical College Hospital,18.547722,73.908102,142,111,31,20,2,11,0,Yes,Yes,Yes,Yes,No,No,Yes,No,Yes,Yes,No,Yes,Yes,No,Yes,No,Yes,Yes,Yes,Yes,Yes,Yes,Yes,Yes,Yes,Yes,Yes,Yes,No,Yes,Yes,Yes,No
GH00183,Karnataka,Hubballi,Hubballi,State Hubballi Hospital,15.336978,75.099938,871,766,105,60,19,96,45,Yes,Yes,Yes,Yes,Yes,Yes,Yes,No,No,No,Yes,Yes,Yes,Yes,Yes,Yes,No,Yes,No,Yes,Yes,Yes,Yes,Yes,Yes,No,Yes,No,Yes,No,No,Yes,Yes
GH00184,West Bengal,Durgapur,Durgapur,District Durgapur District Hospital,23.490666,87.385175,547,477,70,68,10,40,15,Yes,Yes,Yes,Yes,Yes,Yes,Yes,Yes,Yes,No,Yes,Yes,Yes,No,No,No,Yes,Yes,Yes,Yes,Yes,Yes,Yes,No,Yes,Yes,Yes,No,Yes,Yes,Yes,Yes,Yes
GH00185,Tamil Nadu,Salem,Salem,State Salem District Hospital,11.730746,78.10851,920,502,418,112,51,73,26,Yes,Yes,No,Yes,Yes,No,Yes,No,Yes,No,Yes,Yes,Yes,Yes,Yes,Yes,Yes,Yes,Yes,Yes,No,Yes,Yes,Yes,Yes,Yes,Yes,No,No,Yes,No,Yes,No
GH00186,Karnataka,Mangaluru,Mangaluru,State Mangaluru Hospital,12.943327,74.876597,181,131,50,21,7,14,1,Yes,Yes,Yes,Yes,Yes,No,Yes,No,No,Yes,Yes,Yes,Yes,No,No,Yes,Yes,Yes,Yes,Yes,No,Yes,Yes,Yes,Yes,Yes,Yes,Yes,No,No,Yes,No,No
GH00187,Delhi,East Delhi,East Delhi,State East Delhi General Hospital,28.588454,77.208066,143,116,27,15,2,10,5,Yes,Yes,Yes,Yes,Yes,Yes,Yes,No,Yes,Yes,Yes,Yes,Yes,No,Yes,Yes,Yes,Yes,Yes,Yes,Yes,Yes,Yes,No,No,Yes,Yes,Yes,No,No,Yes,No,Yes
GH00188,Punjab,Bathinda,Bathinda,Integrated Bathinda General Hospital,30.28739,75.019797,472,367,105,61,21,55,24,Yes,Yes,Yes,Yes,Yes,Yes,No,Yes,Yes,Yes,No,Yes,Yes,Yes,Yes,No,No,Yes,Yes,Yes,Yes,Yes,Yes,No,Yes,No,Yes,Yes,Yes,Yes,Yes,No,Yes
GH00189,Rajasthan,Bikaner,Bikaner,Civil Bikaner Hospital,28.000746,73.317468,229,122,107,16,3,17,0,Yes,Yes,No,Yes,No,Yes,No,No,No,Yes,Yes,Yes,Yes,Yes,Yes,Yes,Yes,Yes,Yes,Yes,Yes,Yes,Yes,Yes,Yes,No,Yes,No,Yes,No,Yes,Yes,Yes
GH00190,Bihar,Gaya,Gaya,Integrated Gaya General Hospital,24.805256,84.993063,479,334,145,45,21,43,6,Yes,Yes,Yes,Yes,Yes,Yes,Yes,No,Yes,No,Yes,Yes,Yes,Yes,No,No,Yes,Yes,Yes,Yes,No,Yes,Yes,Yes,Yes,Yes,No,Yes,Yes,No,No,No,Yes
GH00191,West Bengal,Siliguri,Siliguri,State Siliguri District Hospital,26.762092,88.409098,355,206,149,18,7,30,3,Yes,Yes,Yes,Yes,Yes,Yes,No,Yes,No,Yes,Yes,Yes,Yes,Yes,No,Yes,No,Yes,Yes,Yes,Yes,Yes,Yes,No,No,Yes,Yes,Yes,No,No,Yes,Yes,Yes
GH00192,Karnataka,Bengaluru,Bengaluru,State Bengaluru District Hospital,13.046134,77.542566,820,638,182,58,10,57,0,Yes,Yes,Yes,Yes,Yes,No,No,No,No,Yes,Yes,Yes,Yes,No,No,Yes,No,Yes,Yes,Yes,Yes,Yes,Yes,Yes,No,No,Yes,Yes,Yes,No,No,Yes,Yes
GH00193,Tamil Nadu,Coimbatore,Coimbatore,District Coimbatore Medical College Hospital,11.063213,76.974407,973,523,450,92,1,78,34,Yes,Yes,Yes,Yes,Yes,Yes,No,No,Yes,No,Yes,Yes,Yes,Yes,No,No,Yes,Yes,No,Yes,No,Yes,Yes,No,Yes,No,Yes,Yes,Yes,No,Yes,Yes,No
GH00194,West Bengal,Durgapur,Durgapur,Integrated Durgapur Hospital,23.447534,87.25479,663,608,55,52,17,72,25,Yes,Yes,Yes,Yes,No,Yes,No,Yes,No,Yes,Yes,Yes,Yes,No,No,No,Yes,Yes,Yes,Yes,Yes,Yes,Yes,Yes,No,Yes,Yes,Yes,Yes,No,No,No,Yes
GH00195,West Bengal,Asansol,Asansol,Government Asansol Hospital,23.666693,86.992956,305,187,118,22,4,15,0,Yes,Yes,Yes,Yes,Yes,Yes,Yes,No,No,Yes,Yes,Yes,Yes,No,Yes,Yes,Yes,Yes,Yes,Yes,No,Yes,Yes,Yes,No,No,Yes,No,Yes,Yes,Yes,Yes,No
GH00196,Rajasthan,Udaipur,Udaipur,Civil Udaipur Medical College Hospital,24.626819,73.649427,726,407,319,41,9,87,14,Yes,Yes,Yes,Yes,No,Yes,No,Yes,Yes,No,Yes,Yes,Yes,Yes,No,No,Yes,Yes,Yes,Yes,No,Yes,Yes,Yes,Yes,Yes,Yes,No,Yes,Yes,Yes,Yes,Yes
GH00197,Karnataka,Hubballi,Hubballi,Civil Hubballi Hospital,15.336403,75.131057,228,154,74,26,6,18,1,Yes,Yes,Yes,Yes,Yes,No,Yes,Yes,Yes,Yes,No,Yes,Yes,No,Yes,Yes,No,Yes,Yes,Yes,Yes,Yes,Yes,No,Yes,No,Yes,Yes,Yes,No,Yes,Yes,Yes
GH00198,West Bengal,Howrah,Howrah,Regional Howrah Medical College Hospital,22.52891,88.214957,886,509,377,82,38,95,15,Yes,Yes,No,No,Yes,No,Yes,Yes,No,No,No,Yes,Yes,No,Yes,Yes,Yes,Yes,No,Yes,No,Yes,Yes,Yes,Yes,Yes,Yes,Yes,Yes,Yes,Yes,Yes,No
GH00199,Delhi,South Delhi,South Delhi,Government South Delhi Medical College Hospital,28.557484,77.439292,430,396,34,31,0,48,22,Yes,Yes,Yes,Yes,Yes,No,No,Yes,No,Yes,Yes,Yes,No,No,No,Yes,Yes,Yes,Yes,Yes,No,Yes,Yes,No,Yes,Yes,Yes,Yes,Yes,Yes,Yes,No,Yes
GH00200,Maharashtra,Pune,Pune,Integrated Pune District Hospital,18.463149,73.785152,228,194,34,18,1,12,1,Yes,Yes,Yes,Yes,No,Yes,Yes,No,Yes,Yes,Yes,Yes,Yes,Yes,Yes,No,Yes,Yes,Yes,Yes,Yes,Yes,Yes,Yes,Yes,No,Yes,Yes,Yes,Yes,No,Yes,Yes
GH00201,Delhi,West Delhi,West Delhi,Regional West Delhi Medical College Hospital,28.684225,77.101504,275,223,52,36,0,14,7,Yes,Yes,No,Yes,Yes,No,Yes,Yes,Yes,Yes,Yes,Yes,Yes,Yes,No,No,No,Yes,Yes,Yes,Yes,Yes,Yes,No,Yes,Yes,Yes,Yes,Yes,No,No,Yes,Yes
GH00202,Punjab,Mohali,Mohali,Integrated Mohali District Hospital,30.770415,76.726556,766,490,276,97,23,71,35,Yes,Yes,Yes,Yes,No,Yes,No,No,No,No,Yes,Yes,Yes,No,No,Yes,Yes,Yes,Yes,Yes,Yes,Yes,Yes,Yes,Yes,Yes,Yes,Yes,Yes,No,Yes,Yes,No
GH00203,Tamil Nadu,Tiruchirappalli,Tiruchirappalli,State Tiruchirappalli District Hospital,10.735558,78.780662,594,422,172,77,14,42,19,Yes,Yes,Yes,Yes,No,Yes,Yes,No,Yes,No,Yes,Yes,Yes,No,No,Yes,Yes,Yes,Yes,Yes,No,Yes,Yes,No,Yes,Yes,Yes,Yes,No,Yes,Yes,Yes,No
GH00204,Bihar,Gaya,Gaya,Civil Gaya General Hospital,24.762555,85.059096,595,534,61,41,2,35,8,Yes,Yes,No,Yes,Yes,Yes,Yes,No,Yes,Yes,No,Yes,Yes,Yes,No,Yes,Yes,Yes,Yes,Yes,No,Yes,Yes,Yes,No,No,Yes,Yes,Yes,No,Yes,Yes,Yes
GH00205,West Bengal,Siliguri,Siliguri,Government Siliguri District Hospital,26.660136,88.346234,627,600,27,38,12,51,18,Yes,Yes,No,Yes,Yes,Yes,Yes,No,No,Yes,Yes,Yes,Yes,Yes,Yes,Yes,Yes,Yes,Yes,Yes,No,Yes,Yes,Yes,Yes,No,Yes,Yes,Yes,Yes,Yes,Yes,No
GH00206,Tamil Nadu,Coimbatore,Coimbatore,Government Coimbatore Hospital,11.091747,76.962288,151,112,39,21,2,11,0,Yes,Yes,Yes,Yes,Yes,Yes,Yes,Yes,Yes,Yes,Yes,Yes,Yes,Yes,No,No,No,Yes,Yes,No,No,Yes,Yes,No,No,No,Yes,Yes,Yes,Yes,Yes,Yes,Yes
GH00207,Delhi,South Delhi,South Delhi,Regional South Delhi District Hospital,28.54466,77.429822,294,187,107,29,1,24,8,Yes,Yes,Yes,Yes,Yes,Yes,No,No,No,Yes,Yes,Yes,Yes,Yes,No,Yes,No,Yes,Yes,Yes,Yes,Yes,Yes,Yes,Yes,No,Yes,Yes,No,Yes,Yes,Yes,Yes
GH00208,Tamil Nadu,Chennai,Chennai,District Chennai General Hospital,13.149167,80.31261,617,542,75,90,32,56,27,Yes,Yes,Yes,No,Yes,Yes,Yes,Yes,Yes,No,No,Yes,Yes,No,No,No,No,Yes,Yes,Yes,No,Yes,Yes,Yes,Yes,Yes,Yes,Yes,Yes,No,Yes,No,Yes
GH00209,Bihar,Bhagalpur,Bhagalpur,Civil Bhagalpur General Hospital,25.172676,86.99247,392,333,59,19,9,31,8,Yes,Yes,Yes,No,Yes,Yes,No,Yes,No,Yes,Yes,Yes,Yes,Yes,No,No,Yes,Yes,Yes,Yes,No,Yes,No,No,No,No,Yes,No,Yes,No,Yes,Yes,Yes
GH00210,West Bengal,Siliguri,Siliguri,State Siliguri Hospital,26.6674,88.410099,510,281,229,54,21,38,10,Yes,Yes,Yes,Yes,Yes,Yes,Yes,No,Yes,Yes,Yes,Yes,Yes,Yes,No,Yes,No,Yes,Yes,Yes,Yes,Yes,Yes,Yes,Yes,Yes,Yes,Yes,No,No,No,No,No
GH00211,Punjab,Amritsar,Amritsar,Regional Amritsar General Hospital,31.562373,74.917556,882,722,160,68,27,52,23,Yes,Yes,Yes,Yes,Yes,Yes,No,No,No,Yes,Yes,Yes,Yes,No,Yes,Yes,No,Yes,Yes,Yes,Yes,Yes,Yes,No,No,Yes,Yes,Yes,Yes,No,Yes,No,Yes
GH00212,Gujarat,Vadodara,Vadodara,State Vadodara District Hospital,22.355995,73.255972,873,509,364,61,6,74,35,Yes,Yes,Yes,Yes,Yes,Yes,Yes,Yes,Yes,Yes,Yes,Yes,Yes,Yes,No,Yes,Yes,Yes,Yes,Yes,No,Yes,Yes,Yes,Yes,Yes,Yes,Yes,Yes,Yes,Yes,Yes,Yes
GH00213,Bihar,Gaya,Gaya,Integrated Gaya District Hospital,24.723962,85.061201,923,703,220,94,38,85,11,Yes,Yes,Yes,Yes,No,Yes,Yes,No,No,No,Yes,Yes,Yes,No,No,Yes,Yes,Yes,Yes,Yes,Yes,Yes,Yes,No,No,Yes,Yes,Yes,No,No,Yes,Yes,Yes
GH00214,Delhi,South Delhi,South Delhi,Regional South Delhi District Hospital,28.584637,77.394726,266,233,33,39,11,24,4,Yes,Yes,Yes,Yes,Yes,No,Yes,No,No,Yes,Yes,Yes,Yes,No,Yes,Yes,Yes,Yes,Yes,Yes,Yes,Yes,Yes,No,Yes,No,Yes,Yes,Yes,Yes,Yes,No,Yes
GH00215,Karnataka,Belagavi,Belagavi,Civil Belagavi District Hospital,15.872,74.47178,586,301,285,50,4,33,4,Yes,Yes,No,Yes,Yes,Yes,No,No,Yes,No,Yes,Yes,Yes,No,No,Yes,No,Yes,Yes,Yes,Yes,Yes,Yes,Yes,Yes,Yes,Yes,Yes,Yes,Yes,Yes,No,No
GH00216,Rajasthan,Udaipur,Udaipur,Integrated Udaipur Hospital,24.626486,73.68562,711,597,114,54,7,74,0,Yes,Yes,Yes,Yes,Yes,Yes,No,Yes,Yes,Yes,No,Yes,Yes,Yes,No,Yes,No,Yes,Yes,Yes,Yes,Yes,Yes,Yes,Yes,Yes,Yes,Yes,Yes,No,No,Yes,No
GH00217,Rajasthan,Jodhpur,Jodhpur,Integrated Jodhpur Hospital,26.264798,73.001185,697,593,104,46,3,70,11,Yes,Yes,Yes,Yes,Yes,Yes,Yes,Yes,Yes,No,No,Yes,Yes,No,No,Yes,Yes,Yes,Yes,Yes,No,Yes,Yes,Yes,Yes,Yes,Yes,Yes,No,Yes,Yes,Yes,Yes
GH00218,Delhi,North Delhi,North Delhi,District North Delhi Hospital,28.638452,77.176347,295,151,144,27,8,17,6,Yes,Yes,Yes,Yes,Yes,No,Yes,Yes,No,No,Yes,Yes,Yes,No,Yes,Yes,No,Yes,Yes,Yes,No,Yes,Yes,No,Yes,Yes,Yes,Yes,Yes,Yes,Yes,No,Yes
GH00219,Gujarat,Gandhinagar,Gandhinagar,Regional Gandhinagar General Hospital,23.295473,72.602795,993,930,63,122,58,98,16,Yes,Yes,Yes,Yes,Yes,Yes,No,No,No,Yes,No,Yes,Yes,Yes,No,Yes,Yes,Yes,Yes,Yes,No,Yes,No,Yes,Yes,Yes,Yes,Yes,Yes,No,No,No,No
GH00220,Uttar Pradesh,Meerut,Meerut,Integrated Meerut General Hospital,28.992587,77.758542,638,511,127,51,21,52,9,Yes,Yes,Yes,Yes,Yes,Yes,Yes,No,Yes,Yes,Yes,Yes,Yes,Yes,Yes,Yes,Yes,Yes,Yes,Yes,Yes,Yes,Yes,No,Yes,Yes,Yes,Yes,Yes,Yes,No,No,No
GH00221,West Bengal,Asansol,Asansol,State Asansol District Hospital,23.671056,86.955652,724,609,115,50,18,50,16,Yes,Yes,No,No,Yes,No,Yes,Yes,No,Yes,No,Yes,Yes,Yes,No,No,Yes,Yes,Yes,Yes,Yes,No,No,Yes,Yes,Yes,Yes,Yes,Yes,Yes,Yes,Yes,Yes
GH00222,Uttar Pradesh,Prayagraj,Prayagraj,State Prayagraj Medical College Hospital,25.504838,81.911646,806,763,43,79,10,59,1,Yes,Yes,Yes,Yes,Yes,Yes,Yes,No,No,Yes,No,Yes,No,Yes,No,Yes,Yes,Yes,Yes,Yes,No,Yes,Yes,Yes,Yes,No,Yes,Yes,Yes,No,Yes,No,Yes
GH00223,Maharashtra,Nagpur,Nagpur,District Nagpur General Hospital,21.11727,79.082678,504,461,43,42,17,35,9,Yes,Yes,No,Yes,Yes,Yes,Yes,Yes,Yes,No,No,Yes,Yes,Yes,No,No,Yes,Yes,Yes,Yes,Yes,Yes,Yes,Yes,Yes,Yes,Yes,No,No,Yes,Yes,No,Yes
GH00224,Punjab,Patiala,Patiala,Civil Patiala District Hospital,30.294257,76.353599,865,677,188,61,14,99,6,Yes,Yes,Yes,Yes,No,Yes,Yes,No,Yes,Yes,Yes,Yes,Yes,Yes,No,Yes,No,Yes,Yes,Yes,Yes,Yes,Yes,No,Yes,Yes,Yes,Yes,Yes,No,No,No,Yes
GH00225,Maharashtra,Pune,Pune,District Pune Medical College Hospital,18.531012,73.898827,348,186,162,40,4,22,8,Yes,Yes,Yes,Yes,No,Yes,No,Yes,Yes,Yes,No,Yes,Yes,Yes,No,Yes,No,Yes,Yes,Yes,No,Yes,Yes,Yes,No,Yes,Yes,Yes,Yes,No,Yes,Yes,Yes
GH00226,Bihar,Purnia,Purnia,Civil Purnia District Hospital,25.766868,87.515088,834,658,176,50,1,49,8,Yes,Yes,Yes,Yes,Yes,Yes,Yes,No,No,No,Yes,Yes,Yes,Yes,Yes,Yes,No,Yes,Yes,Yes,Yes,Yes,Yes,Yes,No,Yes,Yes,Yes,Yes,No,No,Yes,Yes
GH00227,Delhi,East Delhi,East Delhi,Integrated East Delhi General Hospital,28.633369,77.197339,588,396,192,73,19,42,1,Yes,Yes,Yes,Yes,Yes,No,Yes,Yes,No,No,Yes,Yes,Yes,Yes,No,Yes,No,Yes,No,Yes,No,Yes,Yes,No,Yes,Yes,Yes,Yes,Yes,No,Yes,No,Yes
GH00228,Bihar,Purnia,Purnia,Integrated Purnia Medical College Hospital,25.768881,87.481331,647,342,305,91,35,51,0,Yes,Yes,Yes,Yes,Yes,Yes,Yes,No,Yes,No,Yes,Yes,Yes,Yes,No,Yes,No,Yes,Yes,Yes,Yes,Yes,Yes,No,No,No,Yes,Yes,Yes,Yes,Yes,Yes,Yes
GH00229,Delhi,New Delhi,New Delhi,Civil New Delhi General Hospital,28.558675,77.158268,290,219,71,39,20,20,1,Yes,Yes,Yes,Yes,Yes,Yes,Yes,Yes,No,No,Yes,Yes,Yes,Yes,No,Yes,Yes,Yes,Yes,Yes,No,Yes,Yes,Yes,Yes,No,Yes,Yes,Yes,No,No,Yes,Yes
GH00230,Punjab,Patiala,Patiala,State Patiala General Hospital,30.40216,76.308366,756,656,100,77,31,82,12,Yes,Yes,Yes,No,Yes,Yes,Yes,Yes,Yes,No,Yes,Yes,Yes,No,No,Yes,Yes,Yes,No,Yes,Yes,Yes,Yes,No,Yes,Yes,Yes,Yes,Yes,Yes,Yes,Yes,No
GH00231,Maharashtra,Pune,Pune,District Pune District Hospital,18.485627,73.850439,266,250,16,30,10,13,2,Yes,Yes,Yes,Yes,Yes,Yes,No,No,No,Yes,No,Yes,Yes,No,Yes,No,No,Yes,Yes,Yes,Yes,Yes,Yes,Yes,No,No,Yes,No,Yes,Yes,Yes,Yes,No
GH00232,Maharashtra,Thane,Thane,Integrated Thane Medical College Hospital,19.204049,72.998775,279,242,37,37,3,20,4,Yes,Yes,Yes,Yes,Yes,No,Yes,Yes,Yes,Yes,No,Yes,Yes,No,Yes,Yes,No,Yes,Yes,Yes,No,Yes,Yes,No,No,Yes,Yes,Yes,Yes,Yes,Yes,Yes,Yes
GH00233,Punjab,Ludhiana,Ludhiana,Government Ludhiana General Hospital,30.901789,75.805526,431,278,153,21,5,28,2,Yes,Yes,Yes,Yes,Yes,No,No,No,Yes,Yes,Yes,Yes,Yes,No,Yes,Yes,Yes,Yes,Yes,Yes,Yes,Yes,Yes,Yes,Yes,Yes,Yes,Yes,No,No,No,Yes,Yes
GH00234,Maharashtra,Nagpur,Nagpur,State Nagpur Hospital,21.114164,79.151414,367,350,17,31,9,19,9,Yes,Yes,No,Yes,Yes,No,Yes,Yes,Yes,Yes,Yes,Yes,Yes,Yes,No,No,No,Yes,Yes,Yes,No,Yes,Yes,Yes,Yes,Yes,Yes,Yes,No,No,No,Yes,No
GH00235,Tamil Nadu,Madurai,Madurai,Government Madurai General Hospital,9.896506,78.128174,802,658,144,114,1,79,21,Yes,Yes,Yes,Yes,Yes,Yes,Yes,Yes,No,Yes,No,Yes,Yes,Yes,No,Yes,Yes,Yes,Yes,No,No,Yes,Yes,No,Yes,Yes,Yes,Yes,Yes,Yes,Yes,No,Yes
GH00236,Punjab,Bathinda,Bathinda,State Bathinda District Hospital,30.211651,74.952681,729,477,252,52,22,60,16,Yes,Yes,Yes,Yes,No,Yes,Yes,Yes,Yes,Yes,No,Yes,Yes,Yes,No,Yes,Yes,Yes,Yes,Yes,No,Yes,No,No,Yes,No,Yes,No,Yes,Yes,Yes,Yes,No
GH00237,Rajasthan,Udaipur,Udaipur,Civil Udaipur General Hospital,24.511687,73.737285,875,712,163,113,5,57,22,Yes,Yes,Yes,Yes,Yes,Yes,Yes,No,Yes,Yes,Yes,Yes,Yes,Yes,No,Yes,No,Yes,No,Yes,Yes,Yes,Yes,Yes,No,Yes,Yes,Yes,Yes,Yes,Yes,Yes,Yes
GH00238,Rajasthan,Jaipur,Jaipur,Regional Jaipur General Hospital,26.907726,75.820363,640,505,135,36,0,37,2,Yes,Yes,No,Yes,Yes,Yes,Yes,Yes,No,No,No,Yes,Yes,No,No,Yes,Yes,Yes,Yes,Yes,Yes,Yes,Yes,Yes,No,Yes,Yes,Yes,Yes,Yes,Yes,Yes,Yes
GH00239,Karnataka,Mysuru,Mysuru,Regional Mysuru Medical College Hospital,12.31001,76.573676,268,217,51,36,4,15,5,Yes,Yes,Yes,Yes,No,Yes,No,Yes,Yes,No,Yes,Yes,Yes,No,Yes,No,Yes,Yes,Yes,Yes,Yes,Yes,Yes,Yes,Yes,Yes,Yes,Yes,Yes,Yes,No,No,Yes
GH00240,Rajasthan,Kota,Kota,District Kota General Hospital,25.229339,75.85267,928,492,436,88,12,73,1,Yes,Yes,Yes,Yes,No,Yes,Yes,Yes,Yes,Yes,Yes,Yes,Yes,No,No,Yes,Yes,Yes,Yes,Yes,Yes,Yes,Yes,Yes,Yes,Yes,Yes,Yes,No,Yes,Yes,Yes,Yes
GH00241,Bihar,Begusarai,Begusarai,Integrated Begusarai District Hospital,25.440482,86.059223,840,431,409,75,38,85,6,Yes,Yes,Yes,Yes,Yes,Yes,Yes,Yes,No,Yes,Yes,Yes,Yes,Yes,No,No,No,Yes,Yes,Yes,Yes,Yes,Yes,Yes,No,Yes,Yes,Yes,No,No,Yes,Yes,No
GH00242,Punjab,Mohali,Mohali,Civil Mohali District Hospital,30.630738,76.777228,817,440,377,85,40,94,43,Yes,Yes,Yes,Yes,Yes,Yes,Yes,No,Yes,Yes,Yes,Yes,Yes,Yes,No,Yes,Yes,Yes,No,Yes,No,Yes,Yes,Yes,Yes,No,Yes,Yes,No,Yes,No,Yes,No
GH00243,Tamil Nadu,Chennai,Chennai,State Chennai General Hospital,13.022714,80.211465,284,176,108,35,5,21,5,Yes,Yes,Yes,Yes,Yes,Yes,Yes,No,No,No,Yes,Yes,Yes,No,No,Yes,Yes,Yes,Yes,Yes,Yes,Yes,Yes,No,Yes,Yes,Yes,Yes,Yes,Yes,Yes,Yes,Yes
GH00244,Tamil Nadu,Salem,Salem,Civil Salem Hospital,11.664332,78.200471,799,737,62,109,47,76,16,Yes,Yes,Yes,Yes,Yes,Yes,Yes,Yes,Yes,Yes,No,Yes,Yes,Yes,No,Yes,No,Yes,Yes,No,Yes,Yes,Yes,Yes,Yes,Yes,Yes,Yes,No,No,No,Yes,No
GH00245,Punjab,Ludhiana,Ludhiana,Regional Ludhiana General Hospital,30.901049,75.920356,641,385,256,78,25,69,34,Yes,Yes,No,Yes,No,Yes,Yes,Yes,Yes,No,Yes,Yes,Yes,No,No,No,No,Yes,Yes,Yes,Yes,Yes,Yes,Yes,Yes,No,Yes,Yes,Yes,No,No,No,Yes
GH00246,Maharashtra,Nashik,Nashik,Integrated Nashik General Hospital,20.075936,73.743305,644,516,128,85,28,52,22,Yes,Yes,Yes,No,Yes,Yes,Yes,No,No,Yes,Yes,Yes,Yes,No,Yes,Yes,Yes,Yes,Yes,No,Yes,Yes,Yes,Yes,No,No,Yes,No,Yes,Yes,No,Yes,No
GH00247,Maharashtra,Pune,Pune,Integrated Pune Hospital,18.58275,73.84717,132,119,13,14,7,10,5,Yes,Yes,No,Yes,Yes,Yes,Yes,No,No,Yes,Yes,Yes,Yes,Yes,Yes,Yes,Yes,Yes,Yes,Yes,Yes,Yes,Yes,Yes,Yes,Yes,Yes,Yes,Yes,No,No,No,No
GH00248,Punjab,Jalandhar,Jalandhar,District Jalandhar General Hospital,31.353102,75.572519,712,700,12,85,40,47,23,Yes,Yes,Yes,Yes,Yes,No,Yes,Yes,Yes,No,Yes,Yes,No,Yes,No,Yes,No,Yes,Yes,Yes,No,Yes,No,Yes,Yes,No,Yes,Yes,Yes,Yes,No,No,Yes
GH00249,Gujarat,Rajkot,Rajkot,Government Rajkot Medical College Hospital,22.272898,70.856255,872,833,39,48,8,104,38,Yes,Yes,Yes,Yes,Yes,Yes,No,No,Yes,No,Yes,Yes,Yes,No,No,Yes,Yes,Yes,Yes,Yes,No,Yes,Yes,No,Yes,Yes,Yes,Yes,Yes,No,Yes,No,Yes
GH00250,Rajasthan,Udaipur,Udaipur,Regional Udaipur District Hospital,24.663084,73.721149,342,248,94,47,3,29,2,Yes,Yes,No,Yes,Yes,No,Yes,Yes,Yes,No,Yes,Yes,Yes,Yes,Yes,No,Yes,Yes,Yes,No,Yes,Yes,Yes,Yes,Yes,No,Yes,Yes,Yes,Yes,No,Yes,No
GH00251,Maharashtra,Nagpur,Nagpur,District Nagpur Medical College Hospital,21.091125,79.118299,741,717,24,68,3,39,9,Yes,Yes,Yes,Yes,Yes,Yes,Yes,No,No,Yes,Yes,Yes,Yes,Yes,No,Yes,No,Yes,Yes,Yes,Yes,Yes,Yes,No,Yes,Yes,Yes,Yes,Yes,No,No,Yes,Yes
GH00252,Gujarat,Gandhinagar,Gandhinagar,State Gandhinagar General Hospital,23.140532,72.697573,518,335,183,41,16,53,12,Yes,Yes,Yes,Yes,Yes,Yes,No,Yes,No,Yes,Yes,Yes,Yes,No,No,Yes,No,Yes,Yes,Yes,Yes,Yes,Yes,No,Yes,Yes,Yes,Yes,No,Yes,Yes,Yes,Yes
GH00253,Uttar Pradesh,Agra,Agra,State Agra Medical College Hospital,27.113243,77.997141,925,699,226,130,13,108,19,Yes,Yes,Yes,Yes,Yes,No,No,No,Yes,Yes,Yes,Yes,Yes,Yes,No,No,Yes,Yes,Yes,Yes,Yes,Yes,Yes,No,Yes,Yes,Yes,Yes,Yes,No,Yes,Yes,Yes
GH00254,Karnataka,Mysuru,Mysuru,Civil Mysuru Medical College Hospital,12.29015,76.690718,361,232,129,29,13,41,10,Yes,Yes,Yes,Yes,Yes,Yes,Yes,Yes,No,No,Yes,Yes,Yes,Yes,No,Yes,Yes,Yes,Yes,Yes,Yes,Yes,Yes,Yes,No,Yes,Yes,Yes,Yes,No,Yes,No,No
GH00255,Punjab,Jalandhar,Jalandhar,Integrated Jalandhar Medical College Hospital,31.331684,75.583175,152,110,42,13,7,16,5,Yes,Yes,Yes,Yes,Yes,Yes,Yes,Yes,No,No,Yes,Yes,Yes,Yes,No,Yes,Yes,Yes,Yes,Yes,No,Yes,Yes,No,No,Yes,Yes,No,Yes,Yes,Yes,No,Yes
GH00256,Rajasthan,Bikaner,Bikaner,Integrated Bikaner Medical College Hospital,28.101635,73.252756,590,401,189,80,19,42,21,Yes,Yes,Yes,Yes,Yes,No,Yes,Yes,Yes,Yes,Yes,Yes,Yes,Yes,Yes,Yes,No,Yes,Yes,Yes,Yes,Yes,Yes,No,No,No,Yes,No,Yes,No,Yes,Yes,Yes
GH00257,Uttar Pradesh,Agra,Agra,Integrated Agra Hospital,27.178261,78.021742,864,818,46,84,27,85,30,Yes,Yes,Yes,Yes,Yes,Yes,No,Yes,Yes,Yes,Yes,Yes,Yes,No,Yes,No,Yes,Yes,Yes,Yes,No,Yes,Yes,No,Yes,Yes,Yes,Yes,Yes,Yes,Yes,Yes,Yes
GH00258,Gujarat,Surat,Surat,Regional Surat District Hospital,21.095448,72.818354,894,591,303,78,5,85,24,Yes,Yes,No,No,Yes,Yes,No,Yes,Yes,No,No,Yes,Yes,No,Yes,Yes,No,Yes,Yes,Yes,No,Yes,Yes,No,No,Yes,Yes,Yes,Yes,Yes,Yes,Yes,Yes
GH00259,Maharashtra,Nagpur,Nagpur,Regional Nagpur General Hospital,21.21115,79.024917,577,338,239,75,8,59,20,Yes,Yes,Yes,Yes,Yes,No,Yes,Yes,No,Yes,Yes,Yes,Yes,No,No,Yes,Yes,Yes,Yes,Yes,Yes,Yes,Yes,No,Yes,No,Yes,Yes,Yes,Yes,No,Yes,Yes
GH00260,Uttar Pradesh,Meerut,Meerut,State Meerut General Hospital,29.033475,77.682956,146,145,1,19,8,10,1,Yes,Yes,Yes,Yes,Yes,No,Yes,Yes,No,Yes,No,Yes,No,Yes,Yes,Yes,Yes,Yes,Yes,Yes,Yes,Yes,Yes,Yes,Yes,No,Yes,No,Yes,Yes,Yes,Yes,Yes
GH00261,Rajasthan,Ajmer,Ajmer,Integrated Ajmer General Hospital,26.470984,74.601039,402,240,162,27,11,30,8,Yes,Yes,No,Yes,No,Yes,Yes,Yes,Yes,Yes,Yes,Yes,Yes,No,No,No,Yes,Yes,Yes,Yes,Yes,Yes,Yes,Yes,Yes,Yes,Yes,Yes,No,No,Yes,No,No
GH00262,Tamil Nadu,Tiruchirappalli,Tiruchirappalli,Integrated Tiruchirappalli District Hospital,10.781431,78.718438,363,306,57,53,7,36,4,Yes,Yes,No,Yes,No,Yes,Yes,Yes,No,No,No,Yes,Yes,Yes,No,Yes,Yes,Yes,Yes,Yes,No,Yes,Yes,No,No,Yes,Yes,Yes,Yes,Yes,Yes,Yes,Yes
GH00263,Delhi,South Delhi,South Delhi,Government South Delhi Medical College Hospital,28.47437,77.415791,837,697,140,82,7,99,47,Yes,Yes,Yes,Yes,Yes,No,No,Yes,No,No,No,Yes,Yes,No,Yes,Yes,No,Yes,Yes,Yes,Yes,Yes,Yes,Yes,No,Yes,Yes,No,Yes,Yes,Yes,No,Yes
GH00264,Karnataka,Bengaluru,Bengaluru,District Bengaluru Hospital,13.042483,77.641812,882,444,438,80,0,58,7,Yes,Yes,Yes,Yes,Yes,Yes,No,No,Yes,Yes,Yes,Yes,Yes,Yes,Yes,Yes,Yes,Yes,Yes,Yes,No,Yes,Yes,Yes,Yes,Yes,Yes,Yes,Yes,Yes,Yes,Yes,No
GH00265,Delhi,New Delhi,New Delhi,Government New Delhi General Hospital,28.58011,77.152883,482,256,226,53,6,55,13,Yes,Yes,Yes,Yes,Yes,Yes,No,Yes,Yes,Yes,Yes,Yes,Yes,No,Yes,Yes,Yes,Yes,Yes,Yes,No,Yes,Yes,Yes,Yes,Yes,Yes,Yes,Yes,No,Yes,Yes,Yes
GH00266,Tamil Nadu,Chennai,Chennai,District Chennai General Hospital,13.083748,80.280753,112,57,55,11,4,10,3,Yes,Yes,Yes,Yes,Yes,No,Yes,Yes,No,Yes,Yes,Yes,Yes,Yes,No,Yes,Yes,Yes,Yes,Yes,No,Yes,Yes,No,No,Yes,Yes,Yes,Yes,Yes,Yes,Yes,No
GH00267,Bihar,Munger,Munger,Government Munger Hospital,25.329382,86.48804,198,166,32,12,5,18,5,Yes,Yes,No,Yes,No,No,Yes,No,Yes,No,Yes,Yes,No,No,No,Yes,Yes,Yes,Yes,Yes,No,Yes,Yes,Yes,Yes,Yes,Yes,Yes,Yes,No,Yes,No,Yes
GH00268,West Bengal,Durgapur,Durgapur,Civil Durgapur Hospital,23.507991,87.295594,482,344,138,46,16,57,22,Yes,Yes,Yes,Yes,No,No,Yes,No,No,Yes,Yes,Yes,Yes,Yes,No,Yes,Yes,Yes,Yes,Yes,No,Yes,Yes,Yes,No,No,Yes,Yes,Yes,Yes,Yes,Yes,Yes
GH00269,Maharashtra,Aurangabad,Aurangabad,District Aurangabad Hospital,19.863152,75.344666,195,148,47,17,1,16,8,Yes,Yes,Yes,Yes,Yes,Yes,Yes,Yes,No,No,No,Yes,Yes,Yes,No,Yes,Yes,Yes,Yes,Yes,Yes,Yes,Yes,Yes,No,Yes,Yes,Yes,Yes,Yes,No,Yes,Yes
GH00270,Delhi,New Delhi,New Delhi,Civil New Delhi General Hospital,28.659511,77.260452,760,549,211,81,35,85,41,Yes,Yes,Yes,Yes,Yes,No,No,No,Yes,Yes,Yes,Yes,Yes,Yes,No,Yes,Yes,Yes,Yes,Yes,No,Yes,Yes,No,Yes,Yes,Yes,Yes,Yes,Yes,No,No,Yes
GH00271,Uttar Pradesh,Agra,Agra,Integrated Agra General Hospital,27.121713,77.998025,377,199,178,53,6,43,5,Yes,Yes,Yes,Yes,Yes,Yes,Yes,Yes,No,Yes,Yes,Yes,Yes,No,No,Yes,Yes,Yes,No,Yes,No,Yes,Yes,Yes,No,No,Yes,Yes,Yes,Yes,No,No,Yes
GH00272,Rajasthan,Bikaner,Bikaner,District Bikaner Medical College Hospital,28.091946,73.325233,970,646,324,50,19,88,19,Yes,Yes,Yes,Yes,Yes,Yes,Yes,Yes,Yes,Yes,No,Yes,Yes,Yes,Yes,Yes,No,Yes,Yes,Yes,Yes,Yes,Yes,Yes,Yes,Yes,Yes,Yes,No,Yes,Yes,Yes,Yes
GH00273,Punjab,Patiala,Patiala,Government Patiala Medical College Hospital,30.270047,76.444889,680,539,141,80,6,49,1,Yes,Yes,No,Yes,Yes,Yes,Yes,Yes,Yes,Yes,Yes,Yes,Yes,Yes,No,Yes,No,Yes,Yes,Yes,No,Yes,Yes,Yes,No,Yes,Yes,Yes,No,Yes,No,No,Yes
GH00274,Delhi,New Delhi,New Delhi,Regional New Delhi District Hospital,28.662467,77.288297,154,89,65,14,6,11,0,Yes,Yes,Yes,Yes,Yes,Yes,Yes,Yes,Yes,Yes,Yes,Yes,No,No,Yes,Yes,No,Yes,No,Yes,Yes,Yes,No,No,No,Yes,Yes,Yes,Yes,No,Yes,Yes,No
GH00275,Rajasthan,Ajmer,Ajmer,Civil Ajmer District Hospital,26.399633,74.716379,130,99,31,16,1,10,3,Yes,Yes,No,Yes,Yes,Yes,Yes,Yes,Yes,No,Yes,Yes,Yes,Yes,No,No,Yes,Yes,Yes,Yes,No,Yes,Yes,Yes,No,No,Yes,No,Yes,Yes,Yes,Yes,Yes
GH00276,Karnataka,Hubballi,Hubballi,Civil Hubballi Medical College Hospital,15.288301,75.115058,796,697,99,92,41,82,23,Yes,Yes,Yes,Yes,Yes,No,Yes,No,No,Yes,Yes,Yes,Yes,No,No,No,No,Yes,Yes,Yes,No,Yes,Yes,No,Yes,Yes,Yes,No,Yes,No,Yes,Yes,No
GH00277,Uttar Pradesh,Kanpur,Kanpur,District Kanpur District Hospital,26.380635,80.346893,257,225,32,31,12,26,8,Yes,Yes,Yes,Yes,Yes,No,No,No,Yes,Yes,No,Yes,No,Yes,Yes,Yes,Yes,Yes,Yes,Yes,No,Yes,Yes,Yes,Yes,Yes,Yes,Yes,No,Yes,Yes,Yes,No
GH00278,West Bengal,Kolkata,Kolkata,District Kolkata Hospital,22.614648,88.365992,415,320,95,35,10,23,11,Yes,Yes,Yes,Yes,Yes,Yes,No,No,No,Yes,Yes,Yes,Yes,No,No,Yes,No,Yes,Yes,Yes,Yes,Yes,Yes,Yes,No,Yes,Yes,No,Yes,Yes,No,No,Yes
GH00279,Delhi,East Delhi,East Delhi,Civil East Delhi General Hospital,28.5504,77.223076,205,105,100,12,2,11,2,Yes,Yes,No,Yes,Yes,No,Yes,No,Yes,No,Yes,Yes,Yes,No,Yes,Yes,Yes,Yes,Yes,Yes,No,Yes,Yes,Yes,No,Yes,Yes,Yes,Yes,Yes,Yes,Yes,No
GH00280,West Bengal,Siliguri,Siliguri,District Siliguri District Hospital,26.681298,88.346813,523,459,64,66,18,47,19,Yes,Yes,Yes,Yes,Yes,Yes,Yes,Yes,Yes,Yes,No,Yes,Yes,Yes,Yes,Yes,No,Yes,Yes,Yes,Yes,Yes,Yes,No,Yes,Yes,Yes,Yes,Yes,Yes,No,Yes,Yes
GH00281,Gujarat,Surat,Surat,Government Surat District Hospital,21.091679,72.880405,408,272,136,40,18,25,9,Yes,Yes,Yes,Yes,Yes,Yes,Yes,Yes,Yes,Yes,Yes,Yes,Yes,Yes,Yes,Yes,No,Yes,No,Yes,Yes,Yes,No,No,Yes,Yes,Yes,Yes,Yes,Yes,Yes,No,No
GH00282,Gujarat,Vadodara,Vadodara,Civil Vadodara Hospital,22.27352,73.20746,469,298,171,67,3,42,15,Yes,Yes,Yes,Yes,No,Yes,No,No,Yes,Yes,No,Yes,Yes,Yes,No,Yes,Yes,Yes,Yes,Yes,Yes,Yes,Yes,Yes,Yes,Yes,No,Yes,Yes,Yes,Yes,Yes,Yes
GH00283,Tamil Nadu,Chennai,Chennai,Government Chennai District Hospital,13.071795,80.199329,106,78,28,8,0,10,3,Yes,Yes,Yes,Yes,Yes,Yes,Yes,Yes,No,Yes,Yes,Yes,Yes,No,No,Yes,Yes,Yes,Yes,Yes,Yes,Yes,Yes,No,Yes,No,Yes,Yes,Yes,Yes,Yes,Yes,Yes
GH00284,Tamil Nadu,Madurai,Madurai,Civil Madurai Medical College Hospital,9.911026,78.191437,407,285,122,44,0,26,8,Yes,Yes,Yes,No,Yes,No,Yes,Yes,No,Yes,Yes,Yes,Yes,Yes,No,Yes,Yes,Yes,Yes,Yes,Yes,Yes,Yes,Yes,Yes,Yes,Yes,Yes,Yes,No,Yes,Yes,No
GH00285,Delhi,East Delhi,East Delhi,State East Delhi District Hospital,28.657864,77.331917,852,781,71,96,12,89,25,Yes,Yes,Yes,Yes,Yes,Yes,Yes,Yes,No,Yes,Yes,Yes,Yes,No,No,Yes,Yes,Yes,Yes,No,Yes,Yes,Yes,Yes,No,Yes,Yes,Yes,Yes,Yes,No,Yes,No
GH00286,Gujarat,Vadodara,Vadodara,Civil Vadodara District Hospital,22.233901,73.181691,216,180,36,15,0,13,7,Yes,Yes,Yes,Yes,Yes,Yes,No,Yes,No,Yes,Yes,Yes,No,No,No,Yes,No,Yes,Yes,Yes,No,Yes,Yes,Yes,Yes,Yes,Yes,Yes,No,No,Yes,Yes,No
GH00287,Tamil Nadu,Coimbatore,Coimbatore,Civil Coimbatore District Hospital,11.00368,76.966289,951,829,122,54,0,100,24,Yes,Yes,Yes,Yes,No,Yes,No,Yes,No,Yes,Yes,Yes,Yes,Yes,Yes,Yes,Yes,Yes,Yes,Yes,No,Yes,Yes,Yes,Yes,Yes,Yes,No,No,Yes,Yes,Yes,Yes
GH00288,Tamil Nadu,Coimbatore,Coimbatore,Integrated Coimbatore District Hospital,11.029374,76.887815,347,237,110,40,7,36,16,Yes,Yes,No,Yes,No,No,No,No,No,No,Yes,Yes,Yes,No,No,No,No,Yes,Yes,Yes,Yes,Yes,Yes,Yes,Yes,Yes,Yes,Yes,No,Yes,Yes,Yes,Yes
GH00289,Tamil Nadu,Tiruchirappalli,Tiruchirappalli,Civil Tiruchirappalli General Hospital,10.730254,78.781508,647,582,65,92,2,51,25,Yes,Yes,Yes,Yes,Yes,Yes,Yes,No,Yes,No,Yes,Yes,Yes,Yes,No,No,No,Yes,Yes,Yes,No,Yes,Yes,Yes,Yes,No,Yes,Yes,Yes,Yes,Yes,No,Yes
GH00290,West Bengal,Asansol,Asansol,Regional Asansol Hospital,23.730408,86.914736,211,203,8,15,3,13,7,Yes,Yes,Yes,Yes,Yes,Yes,No,No,No,Yes,Yes,Yes,Yes,No,Yes,Yes,Yes,Yes,Yes,Yes,No,Yes,Yes,No,Yes,Yes,Yes,Yes,Yes,Yes,No,No,Yes
GH00291,Rajasthan,Bikaner,Bikaner,Integrated Bikaner General Hospital,27.983249,73.264495,870,604,266,127,9,49,22,Yes,Yes,Yes,Yes,Yes,Yes,Yes,No,Yes,No,No,Yes,Yes,No,No,Yes,Yes,Yes,Yes,Yes,Yes,Yes,Yes,Yes,Yes,Yes,Yes,Yes,Yes,No,Yes,No,Yes
GH00292,Maharashtra,Pune,Pune,Regional Pune Medical College Hospital,18.579847,73.854299,556,469,87,49,1,54,5,Yes,Yes,Yes,Yes,Yes,Yes,Yes,No,Yes,Yes,Yes,Yes,Yes,No,No,Yes,Yes,Yes,Yes,Yes,Yes,Yes,Yes,No,Yes,Yes,Yes,Yes,Yes,No,Yes,No,Yes
GH00293,Karnataka,Mysuru,Mysuru,State Mysuru Hospital,12.222326,76.609801,594,350,244,47,22,34,13,Yes,Yes,Yes,No,No,Yes,Yes,Yes,No,No,No,Yes,Yes,Yes,No,Yes,Yes,Yes,Yes,Yes,No,Yes,Yes,Yes,Yes,No,Yes,Yes,Yes,Yes,Yes,Yes,Yes
GH00294,West Bengal,Durgapur,Durgapur,State Durgapur General Hospital,23.56119,87.284597,903,556,347,92,24,75,10,Yes,Yes,Yes,Yes,No,Yes,Yes,Yes,Yes,Yes,Yes,Yes,Yes,No,Yes,Yes,No,Yes,Yes,Yes,No,Yes,Yes,Yes,Yes,Yes,Yes,Yes,Yes,No,Yes,Yes,Yes
GH00295,Tamil Nadu,Madurai,Madurai,District Madurai District Hospital,9.897342,78.115905,145,86,59,7,2,13,5,Yes,Yes,Yes,No,No,No,No,Yes,No,No,Yes,Yes,No,Yes,No,Yes,No,Yes,Yes,Yes,No,Yes,Yes,Yes,No,Yes,Yes,Yes,Yes,Yes,No,Yes,No
GH00296,Uttar Pradesh,Varanasi,Varanasi,Regional Varanasi Medical College Hospital,25.303368,82.950721,438,362,76,40,6,29,3,Yes,Yes,Yes,Yes,Yes,Yes,Yes,Yes,Yes,Yes,Yes,Yes,No,No,No,Yes,No,Yes,Yes,Yes,Yes,No,Yes,No,Yes,Yes,Yes,Yes,No,Yes,Yes,Yes,Yes
GH00297,Delhi,North Delhi,North Delhi,Integrated North Delhi General Hospital,28.661198,77.150171,505,259,246,62,19,41,8,Yes,Yes,Yes,Yes,Yes,Yes,Yes,No,No,No,Yes,Yes,Yes,No,No,No,Yes,Yes,No,Yes,No,Yes,Yes,No,No,Yes,Yes,Yes,Yes,Yes,No,Yes,Yes
GH00298,Gujarat,Ahmedabad,Ahmedabad,Integrated Ahmedabad Medical College Hospital,23.052412,72.618105,310,226,84,38,17,28,2,Yes,Yes,Yes,Yes,No,Yes,Yes,Yes,Yes,Yes,No,Yes,Yes,Yes,Yes,Yes,Yes,Yes,Yes,Yes,No,Yes,Yes,Yes,No,Yes,Yes,No,Yes,No,Yes,Yes,Yes
GH00299,Karnataka,Mysuru,Mysuru,State Mysuru District Hospital,12.295195,76.669794,301,267,34,18,2,26,3,Yes,Yes,Yes,Yes,Yes,Yes,Yes,No,Yes,Yes,Yes,Yes,Yes,Yes,No,Yes,Yes,Yes,Yes,Yes,Yes,Yes,Yes,Yes,Yes,Yes,Yes,Yes,No,Yes,Yes,Yes,Yes
GH00300,West Bengal,Asansol,Asansol,Civil Asansol General Hospital,23.640169,86.921962,701,408,293,59,3,57,24,Yes,Yes,Yes,Yes,Yes,Yes,Yes,Yes,No,Yes,Yes,Yes,Yes,No,No,Yes,No,Yes,Yes,Yes,No,Yes,Yes,Yes,Yes,Yes,Yes,No,No,No,No,No,Yes
GH00301,Maharashtra,Thane,Thane,Regional Thane Hospital,19.18072,72.977309,788,462,326,64,17,56,23,Yes,Yes,Yes,Yes,Yes,Yes,Yes,No,Yes,Yes,Yes,Yes,Yes,No,No,Yes,Yes,Yes,Yes,Yes,No,Yes,Yes,No,Yes,Yes,Yes,No,Yes,Yes,Yes,No,No
GH00302,West Bengal,Howrah,Howrah,Regional Howrah General Hospital,22.638325,88.254192,528,334,194,56,15,33,0,Yes,Yes,Yes,Yes,Yes,Yes,No,Yes,Yes,No,Yes,Yes,Yes,No,Yes,No,No,Yes,Yes,Yes,No,Yes,Yes,No,Yes,Yes,Yes,No,Yes,No,No,Yes,No
GH00303,Delhi,West Delhi,West Delhi,Government West Delhi General Hospital,28.63878,77.068139,395,232,163,27,1,32,15,Yes,Yes,Yes,Yes,Yes,No,No,No,No,Yes,Yes,Yes,No,Yes,Yes,Yes,Yes,Yes,Yes,Yes,Yes,Yes,Yes,Yes,Yes,No,Yes,Yes,Yes,Yes,No,No,Yes
GH00304,West Bengal,Kolkata,Kolkata,Civil Kolkata Medical College Hospital,22.608917,88.344385,299,247,52,43,6,28,8,Yes,Yes,Yes,Yes,Yes,Yes,Yes,No,Yes,Yes,Yes,Yes,Yes,Yes,Yes,Yes,Yes,Yes,Yes,Yes,No,Yes,Yes,Yes,Yes,Yes,Yes,Yes,Yes,No,Yes,Yes,Yes
GH00305,Tamil Nadu,Salem,Salem,Integrated Salem General Hospital,11.736153,78.19035,600,385,215,34,17,63,18,Yes,Yes,Yes,Yes,Yes,No,No,Yes,No,Yes,Yes,Yes,Yes,No,Yes,Yes,No,Yes,Yes,Yes,Yes,Yes,Yes,Yes,No,No,Yes,Yes,Yes,No,Yes,Yes,No
GH00306,Maharashtra,Mumbai,Mumbai,State Mumbai Medical College Hospital,19.037001,72.858531,650,472,178,43,8,58,5,Yes,Yes,No,Yes,Yes,Yes,Yes,No,Yes,No,No,Yes,No,No,No,Yes,Yes,Yes,Yes,Yes,Yes,Yes,Yes,No,No,Yes,Yes,Yes,Yes,No,No,No,Yes
GH00307,Tamil Nadu,Tiruchirappalli,Tiruchirappalli,Regional Tiruchirappalli Hospital,10.711401,78.654511,686,401,285,52,9,73,14,Yes,Yes,Yes,Yes,Yes,Yes,Yes,Yes,No,Yes,Yes,Yes,Yes,No,Yes,Yes,No,Yes,Yes,No,Yes,Yes,Yes,Yes,Yes,Yes,Yes,Yes,Yes,No,Yes,Yes,Yes
GH00308,Karnataka,Bengaluru,Bengaluru,Integrated Bengaluru General Hospital,13.006852,77.59931,659,440,219,98,43,66,18,Yes,Yes,Yes,Yes,Yes,No,No,Yes,Yes,No,Yes,Yes,No,No,Yes,No,Yes,Yes,Yes,Yes,Yes,Yes,Yes,Yes,Yes,Yes,Yes,Yes,Yes,Yes,Yes,Yes,Yes
GH00309,Maharashtra,Mumbai,Mumbai,Civil Mumbai District Hospital,19.07124,72.950412,456,448,8,60,16,50,22,Yes,Yes,Yes,Yes,Yes,Yes,Yes,No,Yes,Yes,Yes,Yes,Yes,No,Yes,Yes,Yes,Yes,Yes,Yes,No,Yes,Yes,No,Yes,Yes,Yes,Yes,Yes,Yes,No,No,Yes
GH00310,Uttar Pradesh,Agra,Agra,Integrated Agra District Hospital,27.13208,77.971982,981,853,128,108,27,60,26,Yes,Yes,Yes,Yes,Yes,No,No,Yes,Yes,Yes,No,Yes,Yes,Yes,No,Yes,Yes,Yes,Yes,Yes,Yes,Yes,Yes,Yes,No,Yes,Yes,Yes,Yes,No,Yes,Yes,No
GH00311,Uttar Pradesh,Agra,Agra,District Agra District Hospital,27.208654,77.967503,645,465,180,70,25,46,1,Yes,Yes,No,Yes,No,No,No,No,No,Yes,Yes,Yes,Yes,Yes,No,Yes,Yes,Yes,Yes,Yes,Yes,Yes,Yes,Yes,Yes,Yes,Yes,Yes,No,Yes,Yes,Yes,Yes
GH00312,Maharashtra,Nagpur,Nagpur,Regional Nagpur District Hospital,21.145968,79.059666,978,752,226,145,61,58,5,Yes,Yes,Yes,Yes,Yes,No,Yes,No,Yes,Yes,Yes,Yes,Yes,Yes,No,Yes,No,Yes,Yes,Yes,No,Yes,Yes,Yes,Yes,Yes,Yes,Yes,Yes,No,No,Yes,No
GH00313,Gujarat,Ahmedabad,Ahmedabad,State Ahmedabad Medical College Hospital,23.004572,72.516986,818,476,342,61,11,88,1,Yes,Yes,Yes,Yes,No,Yes,Yes,Yes,No,Yes,Yes,Yes,Yes,No,No,Yes,Yes,Yes,Yes,Yes,No,Yes,Yes,No,Yes,Yes,Yes,Yes,Yes,No,No,Yes,No
GH00314,Gujarat,Rajkot,Rajkot,Government Rajkot District Hospital,22.351909,70.777577,742,583,159,64,28,70,30,Yes,Yes,Yes,Yes,Yes,Yes,Yes,Yes,No,Yes,Yes,Yes,Yes,Yes,Yes,Yes,Yes,Yes,Yes,Yes,Yes,Yes,Yes,Yes,No,No,Yes,Yes,Yes,Yes,No,Yes,No
GH00315,Gujarat,Gandhinagar,Gandhinagar,Integrated Gandhinagar District Hospital,23.255001,72.653638,811,593,218,77,8,59,30,Yes,Yes,Yes,Yes,Yes,Yes,Yes,Yes,No,No,Yes,Yes,Yes,No,Yes,Yes,No,Yes,Yes,Yes,Yes,Yes,Yes,Yes,Yes,No,Yes,Yes,No,Yes,No,No,No
GH00316,Punjab,Bathinda,Bathinda,Civil Bathinda District Hospital,30.165329,74.966949,970,517,453,125,13,63,5,Yes,Yes,Yes,No,Yes,No,Yes,Yes,Yes,No,Yes,Yes,Yes,No,No,Yes,Yes,Yes,Yes,Yes,No,Yes,Yes,Yes,Yes,Yes,Yes,Yes,Yes,Yes,Yes,Yes,Yes
GH00317,Uttar Pradesh,Gorakhpur,Gorakhpur,State Gorakhpur District Hospital,26.82872,83.396455,948,619,329,79,4,56,1,Yes,Yes,Yes,Yes,Yes,Yes,Yes,No,No,No,Yes,Yes,Yes,No,No,Yes,No,Yes,Yes,Yes,No,Yes,Yes,Yes,Yes,Yes,Yes,Yes,Yes,Yes,Yes,No,Yes
GH00318,Tamil Nadu,Madurai,Madurai,Integrated Madurai Hospital,9.93106,78.163182,147,85,62,16,1,10,4,Yes,Yes,Yes,Yes,No,Yes,No,Yes,Yes,No,Yes,Yes,Yes,No,No,No,Yes,Yes,Yes,Yes,Yes,Yes,Yes,Yes,Yes,Yes,No,Yes,Yes,No,Yes,Yes,Yes
GH00319,Tamil Nadu,Salem,Salem,District Salem General Hospital,11.637432,78.090791,307,186,121,42,12,18,5,Yes,Yes,Yes,Yes,No,No,No,Yes,Yes,Yes,No,Yes,Yes,Yes,No,Yes,Yes,Yes,Yes,Yes,Yes,Yes,Yes,Yes,Yes,Yes,Yes,No,Yes,No,No,No,Yes
GH00320,Punjab,Bathinda,Bathinda,State Bathinda District Hospital,30.178348,74.980228,184,139,45,21,1,11,3,Yes,Yes,Yes,Yes,Yes,Yes,Yes,No,No,No,Yes,Yes,Yes,Yes,Yes,Yes,No,Yes,Yes,Yes,Yes,Yes,Yes,Yes,No,Yes,Yes,Yes,No,Yes,Yes,Yes,Yes
GH00321,Maharashtra,Aurangabad,Aurangabad,Integrated Aurangabad Medical College Hospital,19.840653,75.402485,539,315,224,64,32,35,16,Yes,Yes,Yes,Yes,Yes,Yes,Yes,No,No,No,No,Yes,Yes,Yes,Yes,Yes,Yes,Yes,Yes,Yes,No,Yes,No,Yes,Yes,Yes,Yes,Yes,Yes,Yes,Yes,Yes,Yes
GH00322,Delhi,West Delhi,West Delhi,Government West Delhi General Hospital,28.679334,77.099041,109,54,55,13,6,12,3,Yes,Yes,Yes,Yes,Yes,Yes,No,No,Yes,Yes,Yes,Yes,Yes,Yes,No,Yes,No,Yes,Yes,Yes,Yes,Yes,No,No,Yes,Yes,Yes,Yes,No,No,Yes,Yes,Yes
GH00323,Delhi,East Delhi,East Delhi,District East Delhi Medical College Hospital,28.59792,77.342872,492,268,224,60,27,28,9,Yes,Yes,No,Yes,Yes,Yes,Yes,No,Yes,Yes,Yes,Yes,Yes,Yes,No,No,No,Yes,Yes,Yes,Yes,Yes,Yes,Yes,Yes,No,Yes,Yes,Yes,No,No,No,No
GH00324,Maharashtra,Pune,Pune,Civil Pune Medical College Hospital,18.493625,73.857214,756,724,32,48,8,67,24,Yes,Yes,Yes,Yes,Yes,Yes,Yes,Yes,Yes,No,Yes,Yes,Yes,Yes,No,No,No,Yes,Yes,Yes,No,Yes,Yes,Yes,Yes,No,Yes,Yes,Yes,No,Yes,Yes,Yes
GH00325,Tamil Nadu,Madurai,Madurai,Integrated Madurai Medical College Hospital,9.967455,78.138896,743,448,295,105,14,72,23,Yes,Yes,Yes,Yes,Yes,No,No,Yes,No,Yes,Yes,Yes,Yes,Yes,No,Yes,Yes,Yes,Yes,Yes,No,Yes,Yes,Yes,No,No,Yes,No,No,No,Yes,Yes,No
GH00326,Punjab,Mohali,Mohali,Government Mohali Hospital,30.668462,76.670325,703,547,156,59,17,50,21,Yes,Yes,Yes,Yes,No,Yes,Yes,No,Yes,Yes,Yes,Yes,Yes,Yes,No,Yes,Yes,Yes,Yes,Yes,No,Yes,Yes,Yes,No,Yes,Yes,No,Yes,No,Yes,No,Yes
GH00327,Uttar Pradesh,Prayagraj,Prayagraj,Integrated Prayagraj Hospital,25.397592,81.848204,354,318,36,38,0,24,1,Yes,Yes,Yes,Yes,Yes,Yes,No,Yes,Yes,Yes,Yes,Yes,Yes,Yes,No,Yes,Yes,Yes,Yes,Yes,Yes,Yes,Yes,No,Yes,Yes,No,Yes,Yes,Yes,Yes,Yes,Yes
GH00328,Bihar,Bhagalpur,Bhagalpur,Government Bhagalpur Medical College Hospital,25.266355,86.994946,865,632,233,68,31,90,30,Yes,Yes,Yes,Yes,Yes,No,Yes,No,No,No,Yes,Yes,No,Yes,No,Yes,Yes,Yes,Yes,Yes,Yes,Yes,Yes,No,No,Yes,Yes,Yes,Yes,No,Yes,Yes,Yes
GH00329,Tamil Nadu,Salem,Salem,District Salem Medical College Hospital,11.664004,78.139221,611,609,2,34,17,72,16,Yes,Yes,Yes,Yes,Yes,Yes,Yes,Yes,No,Yes,Yes,Yes,Yes,No,No,Yes,Yes,Yes,Yes,Yes,No,Yes,Yes,Yes,Yes,Yes,Yes,No,Yes,No,No,No,Yes
GH00330,Delhi,East Delhi,East Delhi,Regional East Delhi General Hospital,28.585471,77.280703,474,376,98,56,4,39,18,Yes,Yes,Yes,Yes,Yes,Yes,Yes,No,Yes,Yes,Yes,Yes,No,Yes,Yes,Yes,No,Yes,Yes,Yes,Yes,Yes,Yes,Yes,No,No,Yes,Yes,Yes,No,No,Yes,Yes
GH00331,Bihar,Purnia,Purnia,District Purnia District Hospital,25.779115,87.448196,320,170,150,45,11,27,4,Yes,Yes,No,Yes,Yes,Yes,No,Yes,No,Yes,Yes,Yes,Yes,Yes,Yes,Yes,No,Yes,Yes,Yes,No,Yes,Yes,Yes,Yes,Yes,Yes,Yes,Yes,Yes,No,Yes,No
GH00332,Karnataka,Hubballi,Hubballi,Civil Hubballi General Hospital,15.393518,75.151053,184,173,11,19,1,11,6,Yes,Yes,No,Yes,Yes,Yes,Yes,Yes,Yes,Yes,Yes,Yes,No,Yes,No,Yes,No,Yes,Yes,Yes,Yes,Yes,Yes,No,No,Yes,Yes,Yes,Yes,No,Yes,Yes,Yes
GH00333,Maharashtra,Mumbai,Mumbai,Regional Mumbai Medical College Hospital,19.046655,72.906051,927,542,385,96,23,84,1,Yes,Yes,Yes,No,No,Yes,Yes,No,No,No,Yes,Yes,No,Yes,No,No,Yes,Yes,No,Yes,No,Yes,No,Yes,No,Yes,Yes,Yes,Yes,Yes,Yes,Yes,No
GH00334,Punjab,Patiala,Patiala,Integrated Patiala General Hospital,30.264381,76.338857,847,545,302,47,22,97,42,Yes,Yes,Yes,Yes,Yes,Yes,No,No,No,Yes,Yes,Yes,Yes,No,Yes,Yes,Yes,Yes,Yes,Yes,No,Yes,Yes,No,Yes,Yes,Yes,Yes,Yes,No,No,Yes,No
GH00335,Tamil Nadu,Tiruchirappalli,Tiruchirappalli,Regional Tiruchirappalli Hospital,10.780181,78.636276,416,378,38,51,3,25,13,Yes,Yes,Yes,Yes,Yes,Yes,No,No,No,No,Yes,Yes,Yes,No,No,Yes,No,Yes,Yes,No,No,Yes,No,Yes,Yes,Yes,Yes,Yes,Yes,No,Yes,No,No
GH00336,Delhi,New Delhi,New Delhi,Government New Delhi General Hospital,28.564964,77.149873,455,360,95,46,0,31,5,Yes,Yes,No,Yes,No,No,Yes,No,No,Yes,Yes,Yes,Yes,No,No,Yes,Yes,Yes,Yes,Yes,Yes,No,Yes,Yes,Yes,Yes,Yes,Yes,Yes,Yes,Yes,No,No
GH00337,Delhi,South Delhi,South Delhi,Integrated South Delhi Hospital,28.567148,77.324157,889,459,430,74,10,61,27,Yes,Yes,Yes,Yes,Yes,Yes,Yes,Yes,No,No,Yes,Yes,Yes,Yes,No,Yes,Yes,Yes,Yes,Yes,No,Yes,Yes,Yes,Yes,Yes,Yes,Yes,No,No,Yes,No,Yes
GH00338,Maharashtra,Aurangabad,Aurangabad,Regional Aurangabad Hospital,19.904533,75.339457,608,537,71,61,28,51,8,Yes,Yes,No,Yes,No,No,No,No,Yes,Yes,Yes,Yes,Yes,Yes,No,Yes,No,Yes,No,Yes,Yes,Yes,Yes,No,Yes,Yes,Yes,No,Yes,No,Yes,Yes,Yes
GH00339,Delhi,South Delhi,South Delhi,Government South Delhi District Hospital,28.53346,77.36787,891,497,394,124,19,89,31,Yes,Yes,Yes,Yes,Yes,Yes,Yes,No,Yes,No,Yes,Yes,Yes,Yes,Yes,Yes,Yes,Yes,Yes,Yes,No,Yes,Yes,Yes,Yes,Yes,Yes,Yes,Yes,Yes,Yes,Yes,No
GH00340,Karnataka,Bengaluru,Bengaluru,District Bengaluru Hospital,12.93536,77.534054,350,186,164,34,5,40,15,Yes,Yes,Yes,Yes,Yes,Yes,Yes,No,No,No,Yes,Yes,Yes,No,No,Yes,Yes,Yes,Yes,Yes,Yes,Yes,Yes,No,No,No,Yes,Yes,Yes,Yes,Yes,Yes,Yes
GH00341,Bihar,Munger,Munger,Government Munger District Hospital,25.311529,86.491498,354,283,71,50,15,24,11,Yes,Yes,Yes,Yes,No,Yes,No,No,Yes,Yes,Yes,Yes,Yes,No,No,Yes,Yes,Yes,Yes,Yes,Yes,No,Yes,No,Yes,Yes,Yes,Yes,No,Yes,No,Yes,Yes
GH00342,Rajasthan,Udaipur,Udaipur,District Udaipur Hospital,24.640667,73.679988,283,198,85,36,17,33,15,Yes,Yes,Yes,Yes,No,No,No,Yes,No,Yes,No,Yes,Yes,No,No,Yes,Yes,Yes,Yes,Yes,Yes,Yes,Yes,Yes,Yes,No,Yes,Yes,Yes,Yes,Yes,Yes,Yes
GH00343,Tamil Nadu,Madurai,Madurai,State Madurai District Hospital,9.951009,78.185601,188,164,24,17,4,12,2,Yes,Yes,Yes,Yes,Yes,No,No,No,No,No,Yes,Yes,Yes,Yes,No,No,No,Yes,Yes,Yes,Yes,Yes,Yes,No,No,Yes,Yes,Yes,Yes,Yes,Yes,No,Yes
GH00344,Maharashtra,Aurangabad,Aurangabad,Regional Aurangabad Medical College Hospital,19.85513,75.321544,575,475,100,62,0,68,22,Yes,Yes,No,Yes,Yes,No,Yes,No,No,Yes,No,Yes,Yes,Yes,No,No,No,Yes,Yes,No,No,Yes,Yes,Yes,No,Yes,Yes,Yes,Yes,Yes,Yes,No,Yes
GH00345,Karnataka,Mysuru,Mysuru,Government Mysuru Hospital,12.310031,76.58167,519,271,248,38,8,49,3,Yes,Yes,Yes,Yes,Yes,Yes,No,Yes,Yes,Yes,Yes,Yes,Yes,No,No,Yes,Yes,Yes,Yes,No,Yes,Yes,Yes,Yes,Yes,Yes,Yes,Yes,Yes,Yes,No,Yes,No
GH00346,Bihar,Darbhanga,Darbhanga,District Darbhanga General Hospital,26.203716,85.966658,969,861,108,118,53,62,16,Yes,Yes,Yes,Yes,Yes,Yes,Yes,Yes,No,Yes,Yes,Yes,Yes,Yes,No,Yes,No,Yes,Yes,No,No,No,Yes,Yes,Yes,Yes,Yes,Yes,Yes,Yes,No,No,Yes
GH00347,Gujarat,Rajkot,Rajkot,District Rajkot Medical College Hospital,22.283495,70.795118,828,557,271,49,18,93,14,Yes,Yes,Yes,Yes,Yes,No,No,No,Yes,Yes,No,Yes,Yes,Yes,Yes,Yes,No,Yes,Yes,Yes,Yes,Yes,Yes,No,Yes,Yes,Yes,Yes,Yes,No,Yes,No,Yes
GH00348,Gujarat,Vadodara,Vadodara,Civil Vadodara Hospital,22.347284,73.155454,694,395,299,69,10,38,1,Yes,Yes,Yes,Yes,Yes,Yes,Yes,No,No,Yes,Yes,Yes,Yes,No,No,Yes,Yes,Yes,Yes,Yes,Yes,Yes,Yes,No,Yes,No,Yes,No,Yes,No,Yes,Yes,Yes
GH00349,Bihar,Munger,Munger,Integrated Munger Medical College Hospital,25.40938,86.44861,342,245,97,26,8,39,8,Yes,Yes,Yes,Yes,No,Yes,Yes,Yes,Yes,Yes,No,Yes,Yes,Yes,No,Yes,No,Yes,No,Yes,Yes,Yes,Yes,Yes,Yes,No,Yes,No,Yes,No,No,No,Yes
GH00350,West Bengal,Durgapur,Durgapur,Civil Durgapur District Hospital,23.509159,87.310947,339,188,151,48,20,35,0,Yes,Yes,Yes,No,Yes,Yes,Yes,Yes,No,No,Yes,Yes,Yes,Yes,No,Yes,Yes,Yes,No,Yes,No,Yes,Yes,No,Yes,No,Yes,Yes,No,No,No,No,Yes
GH00351,Punjab,Ludhiana,Ludhiana,District Ludhiana Medical College Hospital,30.901155,75.837294,560,518,42,45,20,49,1,Yes,Yes,Yes,Yes,Yes,Yes,No,Yes,No,No,No,Yes,Yes,Yes,No,Yes,No,Yes,Yes,Yes,No,Yes,Yes,Yes,Yes,Yes,Yes,Yes,Yes,Yes,Yes,No,Yes
GH00352,Uttar Pradesh,Gorakhpur,Gorakhpur,State Gorakhpur General Hospital,26.693525,83.355167,371,215,156,21,1,26,2,Yes,Yes,Yes,Yes,Yes,Yes,Yes,No,Yes,No,Yes,Yes,Yes,Yes,No,Yes,Yes,Yes,Yes,Yes,Yes,Yes,Yes,No,No,Yes,Yes,Yes,Yes,No,Yes,Yes,No
GH00353,Rajasthan,Jaipur,Jaipur,Government Jaipur District Hospital,26.864794,75.849718,251,136,115,30,4,19,10,Yes,Yes,No,Yes,Yes,Yes,Yes,Yes,No,Yes,Yes,Yes,Yes,No,Yes,No,Yes,Yes,Yes,Yes,No,Yes,Yes,No,Yes,Yes,Yes,Yes,Yes,Yes,Yes,No,Yes
GH00354,Maharashtra,Nagpur,Nagpur,Government Nagpur Hospital,21.117002,79.062519,514,488,26,54,10,34,3,Yes,Yes,Yes,Yes,No,Yes,No,Yes,No,Yes,Yes,Yes,No,No,No,Yes,No,Yes,Yes,Yes,No,Yes,Yes,No,Yes,Yes,Yes,Yes,Yes,Yes,No,Yes,No
GH00355,Punjab,Hoshiarpur,Hoshiarpur,Government Hoshiarpur Hospital,31.552724,75.903201,112,59,53,14,4,10,2,Yes,Yes,No,Yes,Yes,Yes,No,No,No,Yes,Yes,Yes,Yes,Yes,Yes,No,No,Yes,Yes,Yes,No,Yes,Yes,Yes,No,Yes,Yes,Yes,Yes,Yes,Yes,Yes,Yes
GH00356,West Bengal,Kolkata,Kolkata,Regional Kolkata District Hospital,22.644385,88.386538,932,504,428,48,22,59,10,Yes,Yes,No,Yes,Yes,Yes,No,No,Yes,No,No,Yes,Yes,No,No,No,No,Yes,Yes,No,Yes,Yes,Yes,Yes,Yes,No,Yes,Yes,Yes,Yes,No,No,No
GH00357,Tamil Nadu,Coimbatore,Coimbatore,District Coimbatore District Hospital,11.034161,76.91654,225,117,108,32,15,13,1,Yes,Yes,No,Yes,Yes,Yes,No,No,Yes,No,Yes,Yes,Yes,Yes,Yes,Yes,Yes,Yes,Yes,Yes,No,Yes,Yes,No,Yes,No,Yes,Yes,No,No,Yes,Yes,Yes
GH00358,Gujarat,Rajkot,Rajkot,District Rajkot General Hospital,22.277459,70.803686,799,617,182,53,21,90,28,Yes,Yes,Yes,Yes,No,Yes,Yes,Yes,No,Yes,Yes,Yes,Yes,No,No,Yes,Yes,Yes,Yes,Yes,Yes,Yes,Yes,Yes,Yes,No,Yes,Yes,Yes,Yes,Yes,No,No
GH00359,Maharashtra,Nashik,Nashik,Government Nashik Hospital,20.034515,73.868093,728,681,47,81,0,51,13,Yes,Yes,Yes,Yes,Yes,Yes,No,Yes,No,Yes,Yes,Yes,Yes,No,Yes,Yes,Yes,Yes,Yes,Yes,No,Yes,Yes,Yes,No,Yes,Yes,Yes,Yes,No,No,Yes,Yes
GH00360,Karnataka,Hubballi,Hubballi,District Hubballi Hospital,15.420905,75.168105,386,291,95,24,9,36,2,Yes,Yes,Yes,Yes,Yes,Yes,Yes,Yes,No,No,No,Yes,Yes,No,Yes,No,Yes,Yes,Yes,Yes,Yes,Yes,Yes,Yes,Yes,Yes,Yes,No,Yes,No,Yes,No,No
GH00361,Uttar Pradesh,Lucknow,Lucknow,Civil Lucknow District Hospital,26.807051,80.91816,591,573,18,75,16,67,2,Yes,Yes,Yes,Yes,Yes,Yes,Yes,Yes,Yes,Yes,No,Yes,Yes,No,No,No,No,Yes,Yes,No,No,Yes,Yes,No,No,Yes,Yes,No,Yes,No,Yes,No,Yes
GH00362,West Bengal,Siliguri,Siliguri,State Siliguri Medical College Hospital,26.671653,88.348379,126,103,23,13,7,14,3,Yes,Yes,Yes,Yes,Yes,No,Yes,Yes,No,Yes,Yes,Yes,Yes,No,No,No,No,Yes,Yes,Yes,Yes,Yes,Yes,Yes,Yes,No,Yes,Yes,Yes,Yes,Yes,Yes,Yes
GH00363,Bihar,Begusarai,Begusarai,Regional Begusarai District Hospital,25.460576,86.193628,885,741,144,132,46,50,4,Yes,Yes,Yes,Yes,Yes,No,Yes,Yes,No,No,Yes,Yes,Yes,Yes,No,Yes,No,Yes,Yes,Yes,Yes,Yes,Yes,Yes,Yes,No,Yes,Yes,Yes,No,Yes,No,No
GH00364,Uttar Pradesh,Prayagraj,Prayagraj,Regional Prayagraj Hospital,25.500079,81.818861,882,553,329,94,23,66,22,Yes,Yes,No,Yes,Yes,No,Yes,Yes,Yes,No,Yes,Yes,Yes,No,No,Yes,No,Yes,Yes,Yes,Yes,Yes,Yes,Yes,Yes,Yes,Yes,No,Yes,Yes,Yes,No,Yes
GH00365,Delhi,North Delhi,North Delhi,Regional North Delhi District Hospital,28.764855,77.054457,925,839,86,110,18,48,2,Yes,Yes,No,Yes,Yes,Yes,Yes,Yes,No,No,Yes,Yes,Yes,Yes,Yes,Yes,Yes,Yes,Yes,Yes,No,Yes,Yes,Yes,No,Yes,Yes,Yes,Yes,Yes,Yes,No,No
GH00366,West Bengal,Asansol,Asansol,Regional Asansol Medical College Hospital,23.718637,86.968736,676,434,242,90,14,59,25,Yes,Yes,Yes,Yes,No,Yes,Yes,Yes,Yes,No,Yes,Yes,Yes,Yes,No,Yes,No,Yes,Yes,Yes,No,Yes,Yes,Yes,Yes,No,Yes,Yes,Yes,Yes,No,Yes,No
GH00367,Tamil Nadu,Chennai,Chennai,District Chennai Hospital,13.154109,80.213884,338,323,15,24,4,28,9,Yes,Yes,Yes,Yes,Yes,Yes,Yes,No,No,Yes,Yes,Yes,No,No,No,No,Yes,Yes,Yes,Yes,Yes,Yes,Yes,No,Yes,No,Yes,Yes,Yes,Yes,No,Yes,No
GH00368,Rajasthan,Jodhpur,Jodhpur,Government Jodhpur District Hospital,26.233615,72.980748,834,507,327,118,5,92,43,Yes,Yes,Yes,Yes,Yes,Yes,No,Yes,Yes,Yes,No,Yes,No,Yes,Yes,Yes,No,Yes,Yes,Yes,Yes,Yes,Yes,Yes,Yes,Yes,Yes,No,Yes,No,Yes,Yes,Yes
GH00369,Bihar,Gaya,Gaya,Regional Gaya Medical College Hospital,24.792357,84.983983,892,502,390,120,5,67,30,Yes,Yes,Yes,Yes,Yes,Yes,Yes,Yes,No,Yes,No,Yes,Yes,No,Yes,No,Yes,Yes,Yes,Yes,Yes,Yes,Yes,Yes,Yes,Yes,No,Yes,No,Yes,Yes,No,No
GH00370,West Bengal,Siliguri,Siliguri,Regional Siliguri Hospital,26.772828,88.362701,444,299,145,36,13,44,9,Yes,Yes,Yes,Yes,Yes,Yes,No,No,Yes,Yes,No,Yes,Yes,No,Yes,Yes,No,Yes,Yes,Yes,Yes,Yes,Yes,Yes,Yes,Yes,Yes,Yes,Yes,Yes,No,Yes,No
GH00371,Tamil Nadu,Madurai,Madurai,Government Madurai District Hospital,9.854575,78.074277,328,314,14,43,10,23,1,Yes,Yes,No,Yes,Yes,Yes,Yes,No,Yes,No,Yes,Yes,Yes,No,No,Yes,Yes,Yes,Yes,Yes,No,Yes,No,Yes,Yes,No,Yes,Yes,Yes,Yes,Yes,No,Yes
GH00372,Maharashtra,Pune,Pune,Government Pune Hospital,18.581919,73.884897,818,702,116,72,0,42,2,Yes,Yes,Yes,Yes,No,No,Yes,Yes,Yes,Yes,Yes,Yes,No,Yes,No,Yes,Yes,Yes,Yes,Yes,No,Yes,Yes,Yes,Yes,Yes,Yes,Yes,No,No,No,No,Yes
GH00373,West Bengal,Asansol,Asansol,Government Asansol Hospital,23.738096,86.892576,608,376,232,50,23,40,10,Yes,Yes,Yes,Yes,No,Yes,Yes,No,No,Yes,No,Yes,Yes,Yes,No,Yes,No,Yes,Yes,No,Yes,Yes,Yes,Yes,Yes,Yes,Yes,No,Yes,No,Yes,Yes,No
GH00374,Delhi,New Delhi,New Delhi,Integrated New Delhi District Hospital,28.603024,77.258338,557,283,274,42,14,54,16,Yes,Yes,Yes,Yes,Yes,Yes,No,Yes,Yes,Yes,Yes,Yes,Yes,Yes,No,No,No,Yes,Yes,Yes,Yes,Yes,Yes,Yes,No,Yes,Yes,Yes,Yes,Yes,No,Yes,Yes
GH00375,Maharashtra,Mumbai,Mumbai,Integrated Mumbai Hospital,19.135647,72.925218,149,123,26,13,1,17,3,Yes,Yes,Yes,Yes,Yes,Yes,Yes,No,No,No,Yes,Yes,Yes,Yes,Yes,Yes,Yes,Yes,No,Yes,Yes,No,Yes,No,Yes,Yes,Yes,Yes,Yes,Yes,Yes,Yes,Yes
GH00376,Tamil Nadu,Salem,Salem,State Salem General Hospital,11.595719,78.187689,203,162,41,26,4,19,0,Yes,Yes,Yes,Yes,Yes,No,No,No,No,Yes,Yes,Yes,Yes,No,No,Yes,No,Yes,Yes,Yes,No,Yes,Yes,Yes,Yes,Yes,Yes,Yes,Yes,Yes,Yes,No,Yes
GH00377,Uttar Pradesh,Varanasi,Varanasi,Civil Varanasi Hospital,25.389645,83.0537,918,892,26,48,24,66,27,Yes,Yes,Yes,Yes,No,No,Yes,No,No,Yes,Yes,Yes,Yes,No,Yes,Yes,Yes,Yes,Yes,No,Yes,Yes,Yes,Yes,Yes,Yes,Yes,Yes,Yes,Yes,No,Yes,Yes
GH00378,Punjab,Patiala,Patiala,Government Patiala General Hospital,30.376483,76.359515,264,151,113,27,0,31,6,Yes,Yes,Yes,Yes,Yes,No,No,Yes,Yes,Yes,No,Yes,No,Yes,Yes,Yes,Yes,Yes,Yes,Yes,No,Yes,No,Yes,Yes,No,Yes,Yes,Yes,Yes,Yes,Yes,No
GH00379,Rajasthan,Ajmer,Ajmer,Civil Ajmer Hospital,26.410339,74.609725,541,354,187,59,17,32,13,Yes,Yes,Yes,Yes,Yes,Yes,Yes,Yes,Yes,No,Yes,Yes,Yes,No,Yes,Yes,Yes,Yes,Yes,Yes,No,Yes,Yes,Yes,Yes,Yes,Yes,No,No,Yes,Yes,Yes,Yes
GH00380,West Bengal,Howrah,Howrah,Government Howrah General Hospital,22.534087,88.268934,813,689,124,99,4,71,18,Yes,Yes,No,Yes,Yes,Yes,Yes,No,No,No,Yes,Yes,Yes,Yes,No,Yes,Yes,Yes,Yes,Yes,Yes,Yes,Yes,Yes,Yes,Yes,Yes,No,Yes,Yes,Yes,No,No
GH00381,Maharashtra,Pune,Pune,District Pune Hospital,18.487773,73.866559,502,397,105,52,11,30,4,Yes,Yes,Yes,Yes,Yes,No,No,No,Yes,No,No,Yes,Yes,No,Yes,Yes,No,Yes,Yes,Yes,Yes,Yes,Yes,Yes,Yes,No,No,Yes,Yes,Yes,Yes,Yes,No
GH00382,Bihar,Munger,Munger,District Munger District Hospital,25.445338,86.424528,943,809,134,106,23,60,30,Yes,Yes,Yes,Yes,Yes,Yes,Yes,No,Yes,No,Yes,Yes,Yes,No,No,Yes,Yes,Yes,No,Yes,Yes,Yes,Yes,No,No,Yes,Yes,Yes,Yes,Yes,Yes,Yes,Yes
GH00383,Uttar Pradesh,Varanasi,Varanasi,Integrated Varanasi District Hospital,25.379478,83.001206,183,151,32,24,8,19,3,Yes,Yes,No,Yes,No,No,Yes,No,Yes,No,No,Yes,Yes,No,Yes,Yes,Yes,Yes,Yes,Yes,No,Yes,Yes,No,No,Yes,Yes,Yes,Yes,No,No,Yes,Yes
GH00384,Tamil Nadu,Madurai,Madurai,District Madurai General Hospital,9.945108,78.171897,289,238,51,40,9,18,9,Yes,Yes,No,Yes,Yes,Yes,No,Yes,Yes,Yes,Yes,Yes,Yes,Yes,Yes,Yes,No,Yes,Yes,Yes,Yes,Yes,Yes,Yes,Yes,Yes,Yes,Yes,Yes,Yes,No,No,Yes
GH00385,Maharashtra,Nashik,Nashik,Civil Nashik District Hospital,20.029777,73.830813,331,233,98,35,14,33,14,Yes,Yes,Yes,Yes,Yes,Yes,No,No,Yes,No,No,Yes,No,No,No,Yes,No,Yes,Yes,Yes,Yes,No,Yes,No,Yes,Yes,Yes,Yes,Yes,No,Yes,Yes,Yes
GH00386,Punjab,Bathinda,Bathinda,State Bathinda General Hospital,30.160697,74.992256,874,738,136,63,29,95,15,Yes,Yes,Yes,Yes,Yes,Yes,Yes,Yes,No,No,No,Yes,Yes,Yes,No,Yes,No,Yes,Yes,Yes,No,Yes,Yes,Yes,No,Yes,Yes,No,No,Yes,Yes,Yes,Yes
GH00387,Gujarat,Gandhinagar,Gandhinagar,Integrated Gandhinagar General Hospital,23.276041,72.572905,686,463,223,66,28,53,0,Yes,Yes,Yes,Yes,Yes,Yes,Yes,No,Yes,No,Yes,Yes,No,Yes,Yes,Yes,Yes,Yes,Yes,Yes,Yes,Yes,Yes,Yes,No,No,Yes,Yes,No,Yes,No,Yes,No
GH00388,Bihar,Gaya,Gaya,District Gaya General Hospital,24.760572,85.070374,277,180,97,40,14,16,2,Yes,Yes,Yes,Yes,Yes,Yes,No,Yes,No,Yes,No,Yes,Yes,No,No,Yes,No,Yes,Yes,Yes,No,Yes,Yes,Yes,Yes,Yes,Yes,No,No,Yes,Yes,No,Yes
GH00389,Punjab,Bathinda,Bathinda,Civil Bathinda Medical College Hospital,30.202663,74.914983,942,792,150,61,15,68,30,Yes,Yes,Yes,Yes,Yes,Yes,No,Yes,Yes,No,Yes,Yes,Yes,No,No,No,Yes,Yes,Yes,Yes,Yes,No,Yes,Yes,Yes,Yes,Yes,Yes,Yes,Yes,No,Yes,Yes
GH00390,Punjab,Amritsar,Amritsar,Regional Amritsar General Hospital,31.644311,74.944668,665,498,167,90,12,54,0,Yes,Yes,Yes,Yes,Yes,No,Yes,Yes,No,No,Yes,Yes,Yes,Yes,Yes,No,Yes,Yes,Yes,Yes,No,Yes,Yes,Yes,Yes,Yes,Yes,Yes,Yes,No,Yes,No,Yes
GH00391,Bihar,Munger,Munger,District Munger General Hospital,25.338485,86.432621,253,163,90,26,4,26,12,Yes,Yes,Yes,Yes,Yes,Yes,Yes,No,No,No,Yes,Yes,Yes,No,No,Yes,No,Yes,Yes,Yes,Yes,Yes,Yes,No,Yes,No,No,Yes,Yes,No,No,No,Yes
GH00392,Punjab,Jalandhar,Jalandhar,District Jalandhar District Hospital,31.318617,75.591395,988,768,220,136,16,67,3,Yes,Yes,No,Yes,No,Yes,No,No,Yes,No,Yes,Yes,Yes,Yes,Yes,Yes,No,Yes,Yes,Yes,No,Yes,No,Yes,Yes,Yes,Yes,Yes,Yes,Yes,Yes,Yes,Yes
GH00393,Rajasthan,Ajmer,Ajmer,Civil Ajmer Hospital,26.391984,74.667643,276,208,68,24,3,25,2,Yes,Yes,Yes,Yes,Yes,Yes,Yes,Yes,Yes,No,Yes,Yes,Yes,Yes,No,No,No,Yes,Yes,Yes,Yes,Yes,Yes,No,No,Yes,Yes,Yes,Yes,Yes,Yes,No,Yes
GH00394,Gujarat,Ahmedabad,Ahmedabad,Civil Ahmedabad District Hospital,23.008647,72.503029,807,524,283,44,7,92,23,Yes,Yes,Yes,Yes,Yes,Yes,Yes,No,Yes,No,Yes,Yes,Yes,Yes,No,Yes,Yes,Yes,Yes,Yes,No,Yes,Yes,Yes,Yes,No,Yes,Yes,Yes,No,Yes,No,No
GH00395,Bihar,Darbhanga,Darbhanga,State Darbhanga District Hospital,26.175804,85.882659,387,318,69,52,5,22,8,Yes,Yes,Yes,Yes,Yes,Yes,Yes,Yes,Yes,Yes,No,Yes,Yes,Yes,Yes,Yes,Yes,Yes,Yes,No,Yes,Yes,Yes,No,No,No,Yes,No,Yes,Yes,No,No,Yes
GH00396,Delhi,South Delhi,South Delhi,Integrated South Delhi General Hospital,28.473648,77.316308,892,868,24,73,11,82,36,Yes,Yes,Yes,Yes,No,Yes,No,No,No,No,Yes,Yes,Yes,No,No,No,No,Yes,Yes,Yes,Yes,Yes,Yes,Yes,Yes,Yes,Yes,No,Yes,No,No,Yes,Yes
GH00397,Uttar Pradesh,Gorakhpur,Gorakhpur,Government Gorakhpur General Hospital,26.799129,83.389435,858,677,181,108,31,92,14,Yes,Yes,Yes,Yes,Yes,No,Yes,Yes,Yes,No,No,Yes,Yes,Yes,Yes,Yes,Yes,Yes,No,Yes,Yes,Yes,Yes,Yes,Yes,Yes,Yes,Yes,Yes,No,No,Yes,Yes
GH00398,Delhi,New Delhi,New Delhi,State New Delhi General Hospital,28.687291,77.156583,238,218,20,32,16,14,4,Yes,Yes,Yes,Yes,Yes,Yes,Yes,No,Yes,Yes,Yes,Yes,Yes,No,No,No,Yes,Yes,Yes,Yes,No,Yes,Yes,No,Yes,Yes,No,No,No,Yes,Yes,Yes,Yes
GH00399,Bihar,Muzaffarpur,Muzaffarpur,District Muzaffarpur General Hospital,26.166617,85.335025,151,121,30,18,5,11,3,Yes,Yes,Yes,Yes,Yes,Yes,Yes,No,Yes,No,Yes,Yes,Yes,No,No,Yes,Yes,Yes,Yes,Yes,No,Yes,Yes,Yes,No,Yes,Yes,Yes,Yes,Yes,No,Yes,Yes
GH00400,Karnataka,Hubballi,Hubballi,Integrated Hubballi Hospital,15.419242,75.052023,797,413,384,59,15,72,25,Yes,Yes,Yes,Yes,Yes,No,No,Yes,No,Yes,No,Yes,Yes,No,No,Yes,Yes,Yes,Yes,Yes,Yes,No,Yes,Yes,No,Yes,Yes,No,Yes,No,Yes,Yes,Yes
GH00401,Tamil Nadu,Tiruchirappalli,Tiruchirappalli,Regional Tiruchirappalli District Hospital,10.829498,78.709189,452,267,185,60,22,46,1,Yes,Yes,Yes,Yes,No,Yes,Yes,Yes,No,No,Yes,Yes,No,Yes,No,Yes,Yes,Yes,Yes,Yes,No,Yes,No,Yes,Yes,Yes,Yes,No,Yes,No,Yes,No,No
GH00402,Punjab,Patiala,Patiala,District Patiala General Hospital,30.267649,76.448745,150,95,55,20,7,16,5,Yes,Yes,Yes,Yes,No,Yes,Yes,Yes,Yes,No,Yes,Yes,No,Yes,Yes,Yes,Yes,Yes,No,Yes,Yes,Yes,Yes,Yes,No,Yes,Yes,Yes,Yes,Yes,Yes,Yes,No
GH00403,Uttar Pradesh,Prayagraj,Prayagraj,Integrated Prayagraj General Hospital,25.514218,81.890747,625,322,303,85,0,31,12,Yes,Yes,Yes,Yes,Yes,Yes,Yes,No,No,No,Yes,Yes,Yes,No,Yes,Yes,Yes,Yes,Yes,Yes,No,Yes,Yes,Yes,No,Yes,Yes,Yes,Yes,No,No,Yes,Yes
GH00404,Delhi,West Delhi,West Delhi,District West Delhi Medical College Hospital,28.593178,77.048968,358,334,24,46,14,35,10,Yes,Yes,No,Yes,Yes,No,No,No,Yes,Yes,Yes,Yes,Yes,No,No,No,Yes,Yes,Yes,Yes,No,Yes,Yes,No,Yes,Yes,No,Yes,Yes,Yes,No,No,Yes
GH00405,Gujarat,Rajkot,Rajkot,State Rajkot General Hospital,22.226487,70.816867,358,234,124,34,1,38,7,Yes,Yes,Yes,Yes,Yes,Yes,Yes,No,Yes,Yes,Yes,Yes,Yes,No,No,Yes,Yes,Yes,Yes,Yes,No,Yes,Yes,Yes,Yes,Yes,Yes,No,Yes,Yes,Yes,No,Yes
GH00406,Rajasthan,Jaipur,Jaipur,District Jaipur District Hospital,26.917361,75.816574,674,668,6,73,19,47,21,Yes,Yes,Yes,Yes,Yes,No,Yes,No,No,Yes,No,Yes,Yes,Yes,No,Yes,No,Yes,Yes,Yes,Yes,Yes,Yes,Yes,Yes,Yes,Yes,No,No,No,No,Yes,Yes
GH00407,Tamil Nadu,Chennai,Chennai,State Chennai District Hospital,13.036064,80.31311,755,543,212,102,35,72,17,Yes,Yes,No,Yes,No,Yes,Yes,Yes,Yes,Yes,Yes,Yes,Yes,No,No,Yes,Yes,Yes,Yes,Yes,No,Yes,Yes,No,No,No,Yes,Yes,Yes,Yes,No,No,Yes
GH00408,Uttar Pradesh,Varanasi,Varanasi,Regional Varanasi Medical College Hospital,25.259261,82.918808,158,155,3,14,2,15,8,Yes,Yes,Yes,Yes,No,No,Yes,Yes,Yes,Yes,No,Yes,Yes,No,No,Yes,Yes,Yes,Yes,Yes,Yes,Yes,Yes,Yes,No,Yes,Yes,Yes,No,Yes,Yes,Yes,Yes
GH00409,Tamil Nadu,Madurai,Madurai,State Madurai General Hospital,9.956143,78.186527,514,455,59,63,20,38,12,Yes,Yes,Yes,Yes,Yes,Yes,Yes,Yes,No,Yes,Yes,Yes,Yes,Yes,No,Yes,No,Yes,Yes,Yes,No,Yes,Yes,Yes,Yes,Yes,Yes,Yes,Yes,No,Yes,No,No
GH00410,Karnataka,Hubballi,Hubballi,Integrated Hubballi District Hospital,15.324032,75.160612,619,462,157,83,0,68,23,Yes,Yes,Yes,Yes,Yes,Yes,No,No,Yes,No,Yes,Yes,Yes,No,No,No,No,Yes,Yes,Yes,No,Yes,Yes,Yes,Yes,No,Yes,Yes,No,Yes,No,Yes,Yes
GH00411,Maharashtra,Mumbai,Mumbai,Civil Mumbai Medical College Hospital,19.021318,72.824518,858,561,297,105,18,88,33,Yes,Yes,Yes,Yes,Yes,Yes,Yes,No,No,Yes,Yes,Yes,Yes,No,No,Yes,No,Yes,Yes,Yes,No,Yes,Yes,Yes,Yes,Yes,Yes,Yes,Yes,No,No,No,No
GH00412,West Bengal,Kolkata,Kolkata,Government Kolkata District Hospital,22.585835,88.361972,328,242,86,30,5,24,3,Yes,Yes,Yes,Yes,Yes,Yes,No,Yes,Yes,Yes,Yes,Yes,Yes,Yes,No,No,Yes,Yes,Yes,Yes,Yes,Yes,Yes,Yes,Yes,No,Yes,Yes,No,Yes,Yes,No,Yes
GH00413,Maharashtra,Nashik,Nashik,District Nashik General Hospital,19.946065,73.769984,154,151,3,16,7,12,5,Yes,Yes,Yes,Yes,Yes,No,No,Yes,No,No,Yes,Yes,Yes,Yes,No,Yes,No,Yes,Yes,Yes,Yes,Yes,Yes,No,Yes,No,Yes,Yes,Yes,Yes,Yes,Yes,No
GH00414,Karnataka,Bengaluru,Bengaluru,Integrated Bengaluru General Hospital,12.900052,77.645334,642,473,169,58,2,70,27,Yes,Yes,Yes,Yes,Yes,Yes,Yes,Yes,No,Yes,Yes,Yes,Yes,Yes,No,No,Yes,Yes,Yes,Yes,No,Yes,Yes,No,Yes,No,Yes,Yes,Yes,Yes,Yes,Yes,Yes
GH00415,Uttar Pradesh,Meerut,Meerut,Civil Meerut General Hospital,28.952595,77.73146,246,163,83,33,12,25,6,Yes,Yes,No,Yes,Yes,Yes,No,No,Yes,Yes,Yes,Yes,Yes,No,No,Yes,Yes,Yes,Yes,Yes,No,Yes,Yes,Yes,No,Yes,Yes,Yes,Yes,No,Yes,Yes,Yes
GH00416,West Bengal,Howrah,Howrah,State Howrah Hospital,22.640438,88.238017,104,80,24,8,3,10,4,Yes,Yes,Yes,Yes,Yes,Yes,No,Yes,Yes,No,Yes,Yes,Yes,No,No,Yes,No,Yes,Yes,Yes,Yes,Yes,Yes,Yes,Yes,No,Yes,Yes,Yes,Yes,No,Yes,Yes
GH00417,Tamil Nadu,Chennai,Chennai,Government Chennai General Hospital,13.081708,80.33054,748,593,155,67,4,57,28,Yes,Yes,No,Yes,No,Yes,Yes,No,No,Yes,Yes,Yes,Yes,No,No,Yes,No,Yes,No,Yes,No,Yes,Yes,Yes,Yes,Yes,Yes,Yes,Yes,No,Yes,Yes,Yes
GH00418,Karnataka,Mysuru,Mysuru,Integrated Mysuru District Hospital,12.298912,76.660519,114,114,0,9,1,10,0,Yes,Yes,Yes,Yes,No,Yes,Yes,No,No,Yes,Yes,Yes,Yes,Yes,Yes,Yes,Yes,Yes,Yes,Yes,Yes,Yes,Yes,No,Yes,Yes,Yes,Yes,Yes,Yes,No,No,No
GH00419,Bihar,Muzaffarpur,Muzaffarpur,Government Muzaffarpur District Hospital,26.094489,85.470712,419,242,177,25,5,38,14,Yes,Yes,Yes,Yes,No,Yes,Yes,Yes,Yes,No,Yes,Yes,Yes,Yes,No,No,Yes,Yes,No,Yes,Yes,Yes,Yes,No,Yes,Yes,Yes,No,Yes,No,No,Yes,Yes
GH00420,Punjab,Hoshiarpur,Hoshiarpur,District Hoshiarpur District Hospital,31.438245,75.976891,397,314,83,48,5,34,4,Yes,Yes,Yes,Yes,Yes,Yes,No,No,No,Yes,Yes,Yes,No,Yes,No,Yes,Yes,Yes,Yes,No,No,Yes,Yes,Yes,Yes,No,Yes,No,Yes,No,Yes,Yes,No
GH00421,Delhi,South Delhi,South Delhi,Civil South Delhi District Hospital,28.548639,77.4497,868,530,338,57,0,99,25,Yes,Yes,No,Yes,Yes,Yes,Yes,Yes,Yes,Yes,Yes,Yes,Yes,Yes,Yes,Yes,No,Yes,Yes,Yes,No,Yes,Yes,Yes,No,No,Yes,Yes,Yes,No,No,Yes,No
GH00422,Bihar,Muzaffarpur,Muzaffarpur,Government Muzaffarpur Medical College Hospital,26.104874,85.470815,316,163,153,34,12,18,9,Yes,Yes,Yes,Yes,Yes,Yes,Yes,No,Yes,No,Yes,Yes,Yes,No,No,Yes,No,Yes,Yes,No,No,Yes,Yes,Yes,Yes,No,Yes,No,Yes,No,No,Yes,Yes
GH00423,Gujarat,Vadodara,Vadodara,Regional Vadodara Hospital,22.304639,73.213498,708,378,330,82,0,76,35,Yes,Yes,Yes,Yes,Yes,No,No,Yes,Yes,Yes,Yes,Yes,Yes,No,No,Yes,Yes,Yes,Yes,Yes,Yes,Yes,Yes,No,No,Yes,Yes,No,No,Yes,Yes,Yes,Yes
GH00424,Punjab,Amritsar,Amritsar,Civil Amritsar General Hospital,31.623832,74.885387,226,183,43,17,7,14,7,Yes,Yes,Yes,Yes,Yes,No,Yes,No,Yes,Yes,Yes,Yes,Yes,Yes,Yes,Yes,No,Yes,Yes,Yes,Yes,Yes,Yes,Yes,No,No,Yes,No,Yes,No,Yes,Yes,Yes
GH00425,Maharashtra,Nashik,Nashik,Integrated Nashik Hospital,19.935464,73.826078,778,655,123,59,11,77,13,Yes,Yes,No,Yes,Yes,No,Yes,Yes,Yes,Yes,Yes,Yes,Yes,Yes,Yes,No,Yes,Yes,Yes,Yes,No,Yes,Yes,Yes,Yes,Yes,Yes,Yes,Yes,Yes,Yes,No,Yes
GH00426,Punjab,Jalandhar,Jalandhar,Integrated Jalandhar Hospital,31.363475,75.617397,389,223,166,49,10,24,9,Yes,Yes,Yes,Yes,Yes,Yes,Yes,Yes,Yes,Yes,No,Yes,Yes,No,No,No,No,Yes,Yes,Yes,No,Yes,Yes,No,Yes,Yes,Yes,Yes,Yes,No,No,Yes,No
GH00427,Maharashtra,Thane,Thane,Government Thane District Hospital,19.238793,73.032554,820,619,201,65,31,72,23,Yes,Yes,Yes,Yes,Yes,Yes,Yes,No,Yes,Yes,Yes,Yes,Yes,No,No,Yes,No,Yes,Yes,Yes,Yes,Yes,Yes,No,Yes,Yes,Yes,Yes,No,Yes,No,No,Yes
GH00428,Tamil Nadu,Madurai,Madurai,Government Madurai Hospital,9.956182,78.195816,113,98,15,6,3,12,1,Yes,Yes,No,Yes,Yes,Yes,No,No,No,Yes,Yes,Yes,Yes,Yes,No,Yes,Yes,Yes,Yes,Yes,Yes,Yes,Yes,Yes,Yes,No,Yes,Yes,Yes,No,No,Yes,No
GH00429,Tamil Nadu,Coimbatore,Coimbatore,District Coimbatore Hospital,11.090206,77.013763,840,790,50,50,17,79,11,Yes,Yes,Yes,Yes,Yes,Yes,No,Yes,No,No,Yes,Yes,No,No,Yes,Yes,Yes,Yes,Yes,No,No,Yes,Yes,Yes,Yes,Yes,Yes,Yes,Yes,Yes,No,No,Yes
GH00430,Maharashtra,Nagpur,Nagpur,Civil Nagpur Hospital,21.080655,79.090888,202,123,79,27,1,14,2,Yes,Yes,Yes,Yes,No,Yes,Yes,Yes,No,No,Yes,Yes,Yes,Yes,Yes,Yes,Yes,Yes,Yes,Yes,Yes,Yes,Yes,Yes,Yes,Yes,Yes,Yes,Yes,Yes,Yes,Yes,No
GH00431,Gujarat,Ahmedabad,Ahmedabad,District Ahmedabad Hospital,22.971731,72.541199,109,108,1,6,2,10,2,Yes,Yes,Yes,Yes,Yes,Yes,No,Yes,Yes,Yes,No,Yes,Yes,Yes,No,Yes,Yes,Yes,Yes,Yes,Yes,Yes,No,Yes,No,Yes,Yes,Yes,Yes,No,No,Yes,Yes
GH00432,Rajasthan,Udaipur,Udaipur,Integrated Udaipur Hospital,24.566431,73.689487,481,448,33,40,17,37,5,Yes,Yes,Yes,Yes,Yes,Yes,No,No,Yes,No,Yes,Yes,Yes,No,No,Yes,No,Yes,No,Yes,No,Yes,Yes,No,Yes,Yes,Yes,Yes,Yes,No,Yes,Yes,Yes
GH00433,Maharashtra,Nashik,Nashik,Integrated Nashik General Hospital,19.954482,73.852039,919,674,245,105,2,56,24,Yes,Yes,Yes,Yes,Yes,Yes,Yes,Yes,No,No,Yes,Yes,Yes,Yes,Yes,Yes,No,Yes,Yes,Yes,Yes,Yes,Yes,Yes,No,Yes,Yes,No,No,No,No,Yes,No
GH00434,Bihar,Gaya,Gaya,District Gaya General Hospital,24.821799,85.059361,704,599,105,91,3,56,9,Yes,Yes,Yes,Yes,Yes,Yes,Yes,Yes,No,Yes,Yes,Yes,Yes,No,Yes,No,No,Yes,Yes,Yes,No,Yes,Yes,Yes,No,Yes,Yes,No,Yes,No,Yes,No,Yes
GH00435,Gujarat,Vadodara,Vadodara,Regional Vadodara Hospital,22.294509,73.234455,983,841,142,135,52,82,10,Yes,Yes,Yes,Yes,No,Yes,No,Yes,Yes,No,Yes,Yes,Yes,Yes,No,Yes,Yes,Yes,Yes,Yes,Yes,Yes,Yes,Yes,Yes,Yes,Yes,No,Yes,Yes,Yes,Yes,No
GH00436,Punjab,Amritsar,Amritsar,Civil Amritsar Hospital,31.712641,74.877292,164,115,49,18,9,16,0,Yes,Yes,Yes,Yes,Yes,No,Yes,Yes,Yes,No,Yes,Yes,No,Yes,No,Yes,Yes,Yes,Yes,Yes,Yes,Yes,No,Yes,No,Yes,Yes,Yes,No,No,No,Yes,Yes
GH00437,Rajasthan,Bikaner,Bikaner,Regional Bikaner Medical College Hospital,28.017619,73.380355,785,565,220,79,1,44,1,Yes,Yes,Yes,Yes,Yes,Yes,Yes,No,No,No,No,Yes,Yes,Yes,Yes,No,Yes,Yes,Yes,Yes,Yes,Yes,Yes,No,No,Yes,Yes,No,Yes,No,Yes,No,Yes
GH00438,Uttar Pradesh,Gorakhpur,Gorakhpur,State Gorakhpur General Hospital,26.769071,83.430698,252,233,19,33,16,12,5,Yes,Yes,Yes,Yes,Yes,No,Yes,No,Yes,Yes,No,Yes,Yes,Yes,Yes,Yes,No,Yes,Yes,Yes,Yes,Yes,Yes,No,No,Yes,Yes,No,Yes,Yes,No,Yes,Yes
GH00439,Karnataka,Hubballi,Hubballi,Civil Hubballi Medical College Hospital,15.439686,75.151544,176,150,26,14,2,20,10,Yes,Yes,Yes,Yes,Yes,No,Yes,Yes,No,Yes,Yes,Yes,Yes,Yes,No,No,No,Yes,Yes,Yes,No,Yes,Yes,No,Yes,Yes,Yes,Yes,Yes,Yes,Yes,No,Yes
GH00440,Karnataka,Mysuru,Mysuru,Regional Mysuru General Hospital,12.283482,76.648575,512,376,136,29,1,54,13,Yes,Yes,No,Yes,Yes,Yes,No,Yes,Yes,Yes,Yes,Yes,Yes,Yes,No,Yes,Yes,Yes,Yes,Yes,Yes,Yes,No,Yes,Yes,Yes,Yes,Yes,No,No,Yes,No,No
GH00441,Punjab,Hoshiarpur,Hoshiarpur,Civil Hoshiarpur General Hospital,31.516338,75.907604,423,241,182,62,30,24,6,Yes,Yes,Yes,Yes,Yes,Yes,No,No,No,No,Yes,Yes,Yes,Yes,No,Yes,No,Yes,Yes,Yes,Yes,Yes,Yes,Yes,Yes,Yes,Yes,No,Yes,Yes,No,No,Yes
GH00442,Bihar,Patna,Patna,District Patna District Hospital,25.518254,85.071998,620,597,23,43,1,50,15,Yes,Yes,Yes,No,Yes,Yes,No,Yes,Yes,No,No,Yes,Yes,Yes,No,Yes,No,Yes,No,Yes,No,Yes,Yes,No,Yes,Yes,Yes,No,Yes,Yes,Yes,No,No
GH00443,West Bengal,Kolkata,Kolkata,Government Kolkata General Hospital,22.611266,88.363805,439,362,77,55,9,36,7,Yes,Yes,Yes,Yes,Yes,Yes,No,No,Yes,Yes,No,Yes,Yes,Yes,Yes,Yes,No,Yes,Yes,Yes,Yes,Yes,Yes,Yes,No,No,No,No,Yes,Yes,Yes,Yes,No
GH00444,Tamil Nadu,Chennai,Chennai,District Chennai Medical College Hospital,13.128952,80.306541,102,72,30,8,2,10,3,Yes,Yes,Yes,Yes,No,Yes,No,Yes,Yes,No,Yes,Yes,Yes,Yes,No,Yes,No,Yes,Yes,Yes,Yes,Yes,Yes,Yes,Yes,Yes,Yes,Yes,Yes,Yes,Yes,Yes,No
GH00445,Punjab,Mohali,Mohali,Government Mohali General Hospital,30.751095,76.716318,243,226,17,29,2,13,4,Yes,Yes,Yes,Yes,Yes,Yes,Yes,No,No,No,No,Yes,No,Yes,No,No,No,Yes,No,Yes,Yes,Yes,Yes,Yes,No,Yes,Yes,Yes,Yes,Yes,Yes,No,No
GH00446,Uttar Pradesh,Kanpur,Kanpur,Civil Kanpur Medical College Hospital,26.506242,80.406281,568,381,187,69,29,58,28,Yes,Yes,Yes,Yes,No,No,Yes,No,Yes,No,Yes,Yes,Yes,Yes,Yes,Yes,No,Yes,Yes,Yes,Yes,Yes,Yes,Yes,Yes,Yes,Yes,Yes,Yes,No,Yes,Yes,Yes
GH00447,Rajasthan,Jaipur,Jaipur,Civil Jaipur General Hospital,26.910874,75.719159,774,688,86,112,48,90,45,Yes,Yes,Yes,Yes,Yes,Yes,No,No,Yes,No,No,Yes,Yes,Yes,No,Yes,Yes,Yes,Yes,Yes,Yes,Yes,Yes,Yes,Yes,Yes,Yes,Yes,No,Yes,Yes,No,Yes
GH00448,Karnataka,Bengaluru,Bengaluru,Regional Bengaluru General Hospital,13.031742,77.598486,958,778,180,94,15,100,39,Yes,Yes,Yes,Yes,Yes,Yes,No,No,No,No,Yes,Yes,Yes,Yes,No,Yes,No,Yes,Yes,Yes,Yes,Yes,Yes,Yes,No,Yes,Yes,Yes,Yes,Yes,No,No,Yes
GH00449,Rajasthan,Jodhpur,Jodhpur,Integrated Jodhpur Medical College Hospital,26.19164,73.053554,206,152,54,23,3,23,4,Yes,Yes,Yes,Yes,Yes,No,Yes,No,No,Yes,No,Yes,Yes,Yes,No,Yes,No,Yes,Yes,Yes,No,Yes,Yes,Yes,No,Yes,Yes,No,Yes,No,No,No,No
GH00450,Gujarat,Rajkot,Rajkot,Regional Rajkot Medical College Hospital,22.295393,70.7499,380,291,89,55,19,31,12,Yes,Yes,Yes,Yes,Yes,Yes,Yes,Yes,Yes,No,Yes,Yes,Yes,No,Yes,No,No,Yes,Yes,Yes,No,Yes,Yes,Yes,Yes,Yes,Yes,Yes,No,Yes,Yes,Yes,No
GH00451,Delhi,East Delhi,East Delhi,Regional East Delhi District Hospital,28.707631,77.317842,963,840,123,100,30,96,13,Yes,Yes,No,Yes,No,Yes,Yes,Yes,No,Yes,Yes,Yes,Yes,No,Yes,No,No,Yes,No,No,No,Yes,Yes,Yes,No,No,Yes,Yes,Yes,Yes,Yes,Yes,Yes
GH00452,Uttar Pradesh,Agra,Agra,Government Agra District Hospital,27.231535,77.969461,803,577,226,114,49,95,7,Yes,Yes,Yes,No,Yes,Yes,Yes,Yes,Yes,Yes,Yes,Yes,Yes,Yes,No,Yes,No,Yes,Yes,Yes,No,Yes,Yes,Yes,Yes,No,Yes,Yes,Yes,Yes,No,No,No
GH00453,Delhi,West Delhi,West Delhi,Regional West Delhi District Hospital,28.612394,77.160704,827,472,355,104,17,69,9,Yes,Yes,Yes,Yes,No,Yes,No,Yes,No,Yes,Yes,Yes,Yes,No,Yes,Yes,Yes,Yes,Yes,Yes,Yes,Yes,Yes,Yes,Yes,No,Yes,Yes,Yes,Yes,Yes,Yes,Yes
GH00454,Karnataka,Mangaluru,Mangaluru,Civil Mangaluru Hospital,12.845879,74.806351,635,371,264,33,13,34,16,Yes,Yes,Yes,Yes,Yes,No,Yes,No,Yes,No,Yes,Yes,Yes,No,No,No,Yes,Yes,No,Yes,No,Yes,Yes,No,No,No,Yes,Yes,Yes,Yes,Yes,Yes,No
GH00455,Uttar Pradesh,Prayagraj,Prayagraj,Government Prayagraj District Hospital,25.379175,81.867484,799,527,272,51,25,78,21,Yes,Yes,Yes,Yes,Yes,Yes,Yes,No,No,Yes,Yes,Yes,Yes,No,Yes,Yes,Yes,Yes,No,Yes,Yes,No,Yes,No,Yes,No,Yes,No,Yes,No,Yes,Yes,No
GH00456,Uttar Pradesh,Lucknow,Lucknow,State Lucknow General Hospital,26.814173,80.956243,204,180,24,27,3,18,6,Yes,Yes,Yes,Yes,Yes,No,Yes,Yes,No,Yes,Yes,Yes,Yes,Yes,No,Yes,No,Yes,Yes,Yes,Yes,Yes,Yes,Yes,Yes,Yes,Yes,Yes,Yes,Yes,Yes,No,Yes
GH00457,Karnataka,Hubballi,Hubballi,Government Hubballi District Hospital,15.335145,75.053688,809,744,65,44,10,62,11,Yes,Yes,Yes,Yes,Yes,Yes,Yes,Yes,No,No,Yes,Yes,Yes,Yes,Yes,Yes,No,Yes,Yes,Yes,No,Yes,Yes,Yes,No,Yes,Yes,Yes,Yes,Yes,Yes,Yes,Yes
GH00458,Karnataka,Bengaluru,Bengaluru,District Bengaluru District Hospital,13.030865,77.541869,307,266,41,40,0,30,4,Yes,Yes,Yes,Yes,Yes,Yes,No,No,No,Yes,Yes,Yes,Yes,Yes,Yes,Yes,No,Yes,Yes,Yes,Yes,Yes,No,Yes,Yes,Yes,Yes,Yes,No,Yes,Yes,Yes,No
GH00459,Rajasthan,Ajmer,Ajmer,Integrated Ajmer Medical College Hospital,26.485739,74.650303,894,818,76,130,28,72,32,Yes,Yes,Yes,Yes,Yes,No,No,No,Yes,No,No,Yes,Yes,Yes,No,Yes,No,Yes,Yes,Yes,Yes,Yes,Yes,Yes,No,No,Yes,Yes,Yes,Yes,Yes,Yes,Yes
GH00460,Delhi,North Delhi,North Delhi,Integrated North Delhi Hospital,28.639727,77.038749,486,253,233,45,6,33,12,Yes,Yes,Yes,Yes,No,No,No,No,Yes,Yes,Yes,Yes,Yes,No,No,Yes,No,Yes,Yes,Yes,No,Yes,No,Yes,No,Yes,Yes,No,No,Yes,No,Yes,Yes
GH00461,Rajasthan,Udaipur,Udaipur,District Udaipur District Hospital,24.574458,73.765032,577,367,210,31,6,52,2,Yes,Yes,Yes,Yes,Yes,Yes,No,Yes,No,Yes,Yes,Yes,Yes,Yes,No,Yes,Yes,Yes,Yes,Yes,No,Yes,Yes,Yes,No,Yes,Yes,Yes,Yes,No,No,Yes,No
GH00462,Rajasthan,Bikaner,Bikaner,State Bikaner General Hospital,27.944923,73.266659,908,747,161,95,44,95,28,Yes,Yes,Yes,Yes,Yes,No,Yes,Yes,No,Yes,Yes,Yes,Yes,Yes,No,Yes,Yes,Yes,Yes,Yes,Yes,Yes,Yes,Yes,Yes,No,Yes,Yes,Yes,No,Yes,Yes,Yes
GH00463,Karnataka,Mysuru,Mysuru,Government Mysuru Hospital,12.316334,76.652579,905,710,195,59,13,79,35,Yes,Yes,No,Yes,Yes,Yes,Yes,Yes,Yes,Yes,Yes,Yes,Yes,Yes,No,Yes,No,Yes,Yes,Yes,Yes,Yes,Yes,No,No,Yes,Yes,Yes,Yes,Yes,Yes,Yes,Yes
GH00464,West Bengal,Howrah,Howrah,Government Howrah District Hospital,22.572105,88.19869,439,311,128,34,1,36,1,Yes,Yes,Yes,No,Yes,No,No,No,No,No,No,Yes,Yes,Yes,No,No,No,Yes,Yes,Yes,No,Yes,Yes,No,No,No,Yes,Yes,Yes,No,Yes,Yes,Yes
GH00465,Bihar,Purnia,Purnia,Integrated Purnia District Hospital,25.829824,87.529143,556,401,155,78,0,63,17,Yes,Yes,Yes,Yes,Yes,Yes,Yes,No,Yes,No,Yes,Yes,Yes,No,Yes,No,Yes,Yes,Yes,Yes,Yes,Yes,Yes,Yes,Yes,Yes,Yes,Yes,Yes,No,Yes,Yes,Yes
GH00466,Bihar,Darbhanga,Darbhanga,Civil Darbhanga Hospital,26.174725,85.929257,495,312,183,51,17,25,5,Yes,Yes,Yes,No,Yes,No,Yes,No,Yes,Yes,No,Yes,Yes,Yes,No,Yes,No,Yes,Yes,Yes,No,Yes,Yes,No,Yes,Yes,Yes,Yes,Yes,Yes,No,Yes,Yes
GH00467,West Bengal,Asansol,Asansol,Regional Asansol General Hospital,23.736949,86.95186,598,321,277,47,4,37,3,Yes,Yes,Yes,No,No,Yes,Yes,No,Yes,Yes,Yes,Yes,Yes,No,No,No,No,Yes,Yes,Yes,No,Yes,Yes,No,Yes,Yes,Yes,No,Yes,No,Yes,Yes,No
GH00468,Punjab,Mohali,Mohali,Government Mohali Hospital,30.780341,76.679846,741,403,338,52,6,77,12,Yes,Yes,Yes,Yes,Yes,Yes,Yes,Yes,Yes,Yes,No,Yes,Yes,Yes,No,Yes,Yes,Yes,Yes,Yes,Yes,Yes,Yes,Yes,Yes,No,Yes,Yes,Yes,Yes,Yes,No,Yes
GH00469,Punjab,Ludhiana,Ludhiana,Regional Ludhiana General Hospital,30.970192,75.878197,762,417,345,95,39,39,10,Yes,Yes,No,Yes,Yes,Yes,Yes,Yes,Yes,Yes,No,Yes,Yes,No,No,No,Yes,Yes,Yes,Yes,Yes,Yes,Yes,Yes,Yes,No,Yes,Yes,Yes,Yes,Yes,Yes,No
GH00470,Bihar,Purnia,Purnia,District Purnia Hospital,25.749436,87.44795,282,205,77,29,8,32,3,Yes,Yes,Yes,Yes,Yes,Yes,Yes,Yes,No,Yes,Yes,Yes,Yes,Yes,No,No,Yes,Yes,Yes,Yes,No,Yes,Yes,No,Yes,Yes,Yes,Yes,Yes,No,No,No,Yes
GH00471,Gujarat,Rajkot,Rajkot,Integrated Rajkot General Hospital,22.253315,70.872826,543,432,111,28,4,31,16,Yes,Yes,Yes,Yes,Yes,Yes,No,Yes,Yes,Yes,Yes,Yes,Yes,Yes,No,No,Yes,Yes,No,Yes,No,Yes,Yes,No,No,Yes,Yes,No,No,No,Yes,No,Yes
GH00472,Rajasthan,Jaipur,Jaipur,Integrated Jaipur Hospital,26.872968,75.721543,817,445,372,70,3,46,2,Yes,Yes,Yes,Yes,No,No,Yes,Yes,No,Yes,No,Yes,Yes,No,No,No,Yes,Yes,Yes,Yes,Yes,Yes,Yes,Yes,No,Yes,Yes,Yes,Yes,No,Yes,No,No
GH00473,Maharashtra,Thane,Thane,District Thane District Hospital,19.16882,73.009143,883,665,218,77,38,73,3,Yes,Yes,Yes,Yes,Yes,Yes,No,No,No,No,No,Yes,Yes,No,Yes,No,No,Yes,Yes,Yes,Yes,Yes,Yes,Yes,Yes,No,Yes,Yes,Yes,No,No,No,Yes
GH00474,Uttar Pradesh,Varanasi,Varanasi,Integrated Varanasi General Hospital,25.323301,82.915837,915,865,50,123,44,107,45,Yes,Yes,Yes,Yes,Yes,Yes,Yes,Yes,No,Yes,No,Yes,Yes,Yes,Yes,No,Yes,Yes,Yes,Yes,Yes,Yes,Yes,No,Yes,Yes,Yes,No,Yes,No,Yes,No,No
GH00475,Maharashtra,Aurangabad,Aurangabad,Integrated Aurangabad District Hospital,19.827039,75.311701,111,90,21,15,6,10,5,Yes,Yes,Yes,Yes,Yes,Yes,No,Yes,No,Yes,No,Yes,Yes,Yes,No,Yes,Yes,Yes,Yes,Yes,No,Yes,Yes,Yes,No,No,Yes,Yes,Yes,Yes,Yes,Yes,No
GH00476,Rajasthan,Ajmer,Ajmer,Civil Ajmer Hospital,26.506302,74.652673,412,259,153,51,3,30,2,Yes,Yes,Yes,Yes,No,No,Yes,Yes,No,Yes,Yes,Yes,Yes,No,No,Yes,No,Yes,Yes,Yes,Yes,Yes,Yes,Yes,Yes,Yes,No,Yes,Yes,Yes,Yes,Yes,No
GH00477,Karnataka,Mysuru,Mysuru,Government Mysuru Medical College Hospital,12.298465,76.656951,326,320,6,43,16,18,0,Yes,Yes,Yes,Yes,Yes,No,Yes,Yes,No,Yes,Yes,Yes,No,Yes,Yes,No,No,Yes,Yes,Yes,No,Yes,Yes,Yes,Yes,No,Yes,No,No,No,Yes,No,No
GH00478,Bihar,Begusarai,Begusarai,Integrated Begusarai Hospital,25.424303,86.061172,397,369,28,22,10,25,4,Yes,Yes,No,Yes,Yes,Yes,No,Yes,No,Yes,Yes,Yes,Yes,No,No,No,No,Yes,Yes,Yes,No,Yes,Yes,Yes,No,Yes,Yes,Yes,Yes,No,Yes,Yes,Yes
GH00479,Tamil Nadu,Madurai,Madurai,State Madurai Medical College Hospital,9.847909,78.123335,787,728,59,57,20,73,25,Yes,Yes,Yes,Yes,Yes,Yes,Yes,Yes,No,No,Yes,Yes,Yes,Yes,No,No,Yes,Yes,Yes,Yes,Yes,Yes,Yes,Yes,Yes,Yes,Yes,Yes,Yes,No,Yes,No,Yes
GH00480,West Bengal,Siliguri,Siliguri,Civil Siliguri District Hospital,26.711004,88.448986,731,702,29,58,11,44,4,Yes,Yes,Yes,Yes,Yes,Yes,No,Yes,No,Yes,No,Yes,Yes,No,Yes,Yes,No,Yes,Yes,Yes,Yes,Yes,Yes,Yes,Yes,Yes,Yes,Yes,Yes,Yes,No,No,Yes
GH00481,West Bengal,Durgapur,Durgapur,Civil Durgapur Medical College Hospital,23.571413,87.263943,104,72,32,7,3,10,0,Yes,Yes,Yes,Yes,Yes,No,Yes,Yes,No,No,Yes,Yes,Yes,Yes,No,Yes,Yes,Yes,Yes,Yes,Yes,Yes,Yes,Yes,Yes,Yes,Yes,No,Yes,Yes,Yes,Yes,Yes
GH00482,Gujarat,Vadodara,Vadodara,State Vadodara Medical College Hospital,22.314224,73.219528,795,772,23,66,3,65,11,Yes,Yes,Yes,Yes,Yes,No,Yes,No,No,No,No,Yes,No,Yes,No,Yes,No,Yes,Yes,Yes,Yes,Yes,Yes,Yes,Yes,Yes,Yes,Yes,No,Yes,No,Yes,Yes
GH00483,Maharashtra,Nashik,Nashik,Regional Nashik Hospital,19.937408,73.765008,279,159,120,37,15,31,10,Yes,Yes,Yes,No,Yes,Yes,Yes,Yes,No,Yes,No,Yes,Yes,No,No,No,No,Yes,Yes,Yes,No,Yes,Yes,Yes,Yes,No,Yes,Yes,Yes,No,No,Yes,Yes
GH00484,Maharashtra,Aurangabad,Aurangabad,Integrated Aurangabad Hospital,19.822255,75.270076,844,460,384,117,5,72,35,Yes,Yes,Yes,Yes,Yes,Yes,No,Yes,Yes,No,Yes,Yes,Yes,Yes,No,No,No,Yes,Yes,No,No,Yes,Yes,No,No,Yes,Yes,Yes,Yes,Yes,No,Yes,Yes
GH00485,Rajasthan,Ajmer,Ajmer,Civil Ajmer Medical College Hospital,26.399593,74.594993,137,101,36,14,0,13,5,Yes,Yes,Yes,Yes,Yes,Yes,Yes,Yes,No,Yes,No,Yes,Yes,Yes,No,Yes,No,Yes,Yes,Yes,Yes,Yes,Yes,No,Yes,Yes,Yes,Yes,Yes,No,Yes,No,Yes
GH00486,West Bengal,Siliguri,Siliguri,Government Siliguri District Hospital,26.77627,88.37672,237,177,60,23,11,18,1,Yes,Yes,Yes,Yes,Yes,Yes,Yes,Yes,No,No,Yes,Yes,Yes,Yes,No,Yes,No,Yes,Yes,Yes,No,Yes,Yes,Yes,No,Yes,Yes,Yes,Yes,Yes,Yes,Yes,No
GH00487,Bihar,Muzaffarpur,Muzaffarpur,Regional Muzaffarpur Medical College Hospital,26.044346,85.409838,875,700,175,56,23,54,9,Yes,Yes,Yes,Yes,No,Yes,Yes,Yes,No,Yes,Yes,Yes,Yes,Yes,No,Yes,Yes,Yes,Yes,Yes,Yes,Yes,Yes,Yes,Yes,Yes,Yes,Yes,Yes,Yes,Yes,Yes,Yes
GH00488,Delhi,East Delhi,East Delhi,State East Delhi Hospital,28.63745,77.30442,324,286,38,23,8,24,12,Yes,Yes,Yes,Yes,Yes,Yes,Yes,No,No,Yes,Yes,Yes,Yes,Yes,No,Yes,No,Yes,Yes,Yes,No,Yes,Yes,Yes,Yes,Yes,Yes,Yes,Yes,Yes,Yes,No,Yes
GH00489,Uttar Pradesh,Meerut,Meerut,Civil Meerut General Hospital,29.041782,77.681181,565,305,260,30,5,32,0,Yes,Yes,Yes,No,No,Yes,No,Yes,Yes,Yes,Yes,Yes,Yes,No,No,Yes,Yes,Yes,Yes,No,No,Yes,No,Yes,No,No,No,Yes,Yes,No,Yes,No,Yes
GH00490,Maharashtra,Aurangabad,Aurangabad,State Aurangabad Medical College Hospital,19.849553,75.333943,485,409,76,42,3,46,21,Yes,Yes,Yes,Yes,Yes,Yes,Yes,Yes,Yes,Yes,No,Yes,Yes,Yes,No,Yes,No,Yes,Yes,Yes,Yes,Yes,Yes,Yes,Yes,No,Yes,Yes,Yes,Yes,Yes,Yes,Yes
GH00491,Karnataka,Mangaluru,Mangaluru,Civil Mangaluru Medical College Hospital,12.990765,74.787751,628,521,107,53,0,46,8,Yes,Yes,Yes,Yes,Yes,Yes,No,No,Yes,Yes,Yes,Yes,Yes,Yes,Yes,Yes,Yes,Yes,Yes,Yes,Yes,Yes,No,Yes,No,Yes,Yes,Yes,No,Yes,Yes,Yes,No
GH00492,Rajasthan,Jaipur,Jaipur,Regional Jaipur Medical College Hospital,26.982621,75.866136,550,359,191,40,4,52,20,Yes,Yes,No,Yes,Yes,Yes,Yes,No,No,Yes,Yes,Yes,No,Yes,Yes,Yes,Yes,Yes,Yes,Yes,Yes,No,Yes,Yes,No,Yes,Yes,No,Yes,No,Yes,Yes,Yes
GH00493,Delhi,North Delhi,North Delhi,Government North Delhi District Hospital,28.65557,77.143755,716,418,298,83,16,76,31,Yes,Yes,Yes,Yes,Yes,Yes,No,No,No,No,Yes,Yes,Yes,No,Yes,Yes,No,Yes,Yes,Yes,Yes,Yes,Yes,No,Yes,Yes,Yes,Yes,Yes,No,No,No,No
GH00494,Tamil Nadu,Salem,Salem,Civil Salem Medical College Hospital,11.656162,78.151829,704,434,270,80,14,36,17,Yes,Yes,Yes,Yes,No,Yes,No,Yes,No,No,Yes,Yes,Yes,No,No,Yes,No,Yes,Yes,No,Yes,Yes,Yes,Yes,Yes,Yes,Yes,No,Yes,No,No,Yes,Yes
GH00495,Delhi,West Delhi,West Delhi,Regional West Delhi Medical College Hospital,28.599105,77.171208,237,198,39,23,3,14,5,Yes,Yes,Yes,Yes,Yes,Yes,No,No,Yes,No,Yes,Yes,Yes,No,Yes,No,Yes,Yes,Yes,No,No,Yes,Yes,No,Yes,Yes,Yes,Yes,Yes,Yes,Yes,Yes,No
GH00496,Maharashtra,Pune,Pune,Regional Pune General Hospital,18.573809,73.839906,713,644,69,81,23,82,28,Yes,Yes,Yes,Yes,Yes,Yes,Yes,No,No,Yes,No,Yes,Yes,No,No,Yes,No,Yes,Yes,Yes,Yes,Yes,Yes,No,Yes,Yes,Yes,Yes,Yes,No,Yes,Yes,No
GH00497,Tamil Nadu,Tiruchirappalli,Tiruchirappalli,Civil Tiruchirappalli General Hospital,10.845226,78.739952,274,193,81,36,14,28,1,Yes,Yes,Yes,Yes,No,Yes,Yes,No,No,No,Yes,Yes,Yes,Yes,No,Yes,No,Yes,Yes,Yes,No,Yes,Yes,No,Yes,Yes,Yes,Yes,No,Yes,No,Yes,No
GH00498,Delhi,West Delhi,West Delhi,Integrated West Delhi District Hospital,28.617245,77.087946,271,222,49,38,0,24,9,Yes,Yes,Yes,Yes,Yes,No,Yes,No,No,Yes,Yes,Yes,Yes,Yes,Yes,Yes,Yes,Yes,Yes,No,No,Yes,Yes,No,Yes,Yes,No,Yes,Yes,Yes,Yes,No,Yes
GH00499,Gujarat,Rajkot,Rajkot,Government Rajkot Hospital,22.336005,70.725867,116,70,46,11,2,11,0,Yes,Yes,No,Yes,Yes,Yes,Yes,Yes,Yes,Yes,Yes,Yes,Yes,No,Yes,No,Yes,Yes,Yes,Yes,No,Yes,Yes,Yes,Yes,No,Yes,Yes,No,No,No,No,No
GH00500,Delhi,West Delhi,West Delhi,District West Delhi Medical College Hospital,28.705531,77.045858,587,312,275,80,6,50,22,Yes,Yes,Yes,Yes,Yes,Yes,Yes,No,No,No,Yes,Yes,Yes,Yes,No,Yes,No,Yes,Yes,Yes,Yes,Yes,Yes,Yes,Yes,Yes,Yes,Yes,No,Yes,Yes,Yes,No
